Socioeconomic_key,Employment_rate,Income_level,Education_level,Access_to_healthcare
0,54.94,Medium,Tertiary,False
1,65.15,High,Tertiary,False
2,38.44,High,Primary,False
3,70.98,Low,Primary,False
4,44.01,Low,Tertiary,False
5,37.64,Medium,Secondary,True
6,33.0,High,Primary,False
7,39.89,Medium,Tertiary,True
8,50.37,High,Secondary,True
9,60.31,Medium,Secondary,False
10,66.76,Low,Secondary,False
11,42.17,Medium,Primary,False
12,58.0,High,Secondary,False
13,32.16,Medium,Primary,True
14,71.44,High,Tertiary,False
15,34.22,High,Secondary,True
16,65.82,Low,Tertiary,True
17,33.47,Medium,Secondary,True
18,77.11,Low,Tertiary,True
19,49.58,Low,Secondary,True
20,64.25,High,Secondary,False
21,41.34,Low,Tertiary,False
22,34.05,High,Tertiary,False
23,42.52,High,Tertiary,False
24,59.0,Low,Tertiary,True
25,31.7,Low,Tertiary,True
26,73.22,Medium,Tertiary,True
27,36.87,Medium,Tertiary,True
28,62.78,Medium,Secondary,False
29,79.97,Medium,Secondary,True
30,35.93,High,Secondary,True
31,65.75,Low,Tertiary,False
32,39.02,Medium,Secondary,True
33,34.2,Medium,Primary,False
34,54.67,Low,Secondary,True
35,55.43,Medium,Tertiary,False
36,46.78,High,Secondary,True
37,37.68,Medium,Secondary,True
38,48.95,Low,Secondary,True
39,36.28,High,Secondary,True
40,34.29,Low,Tertiary,True
41,69.07,Low,Tertiary,True
42,74.9,Medium,Tertiary,False
43,30.61,High,Primary,False
44,32.31,Medium,Secondary,False
45,41.79,Low,Secondary,False
46,58.4,Medium,Secondary,False
47,72.46,Low,Tertiary,False
48,34.92,Medium,Tertiary,True
49,42.34,High,Primary,True
50,48.55,Medium,Primary,False
51,58.89,Low,Primary,False
52,41.76,Low,Primary,True
53,37.58,High,Tertiary,True
54,55.72,Medium,Primary,False
55,78.58,Medium,Tertiary,False
56,70.8,Low,Primary,False
57,52.48,High,Secondary,False
58,40.57,Low,Tertiary,True
59,53.77,Low,Tertiary,False
60,62.25,Medium,Primary,False
61,53.43,Medium,Primary,False
62,38.49,Medium,Tertiary,False
63,35.19,Medium,Secondary,True
64,33.34,High,Tertiary,True
65,67.01,High,Primary,True
66,34.83,Medium,Tertiary,True
67,41.99,Medium,Tertiary,False
68,76.8,Medium,Secondary,False
69,52.9,Medium,Tertiary,False
70,52.97,High,Primary,False
71,49.99,Low,Secondary,True
72,56.23,Low,Secondary,True
73,42.65,Low,Tertiary,False
74,30.88,Medium,Primary,True
75,68.95,Medium,Tertiary,True
76,77.43,Medium,Secondary,True
77,69.13,High,Secondary,False
78,73.95,High,Tertiary,True
79,48.48,Low,Primary,False
80,47.84,Medium,Secondary,False
81,52.0,Low,Secondary,False
82,63.55,Medium,Tertiary,True
83,43.32,Medium,Secondary,True
84,39.36,Medium,Primary,False
85,65.8,High,Primary,False
86,63.39,High,Primary,True
87,45.49,High,Primary,False
88,79.16,Medium,Primary,True
89,79.47,High,Primary,True
90,40.6,Low,Primary,True
91,69.6,Low,Tertiary,True
92,75.65,High,Tertiary,False
93,60.02,High,Tertiary,False
94,62.09,High,Secondary,False
95,63.41,Medium,Tertiary,True
96,78.25,High,Tertiary,False
97,79.21,Low,Tertiary,False
98,74.88,Low,Primary,False
99,64.31,High,Tertiary,True
100,43.2,Medium,Tertiary,True
101,77.87,Medium,Secondary,False
102,61.67,Medium,Primary,True
103,62.71,High,Tertiary,True
104,73.21,Medium,Tertiary,False
105,60.96,High,Secondary,False
106,68.07,Low,Secondary,True
107,62.76,High,Primary,False
108,43.79,Low,Tertiary,False
109,41.95,Low,Secondary,False
110,67.15,Medium,Primary,True
111,70.64,Low,Tertiary,True
112,67.27,Low,Secondary,False
113,51.71,Low,Secondary,False
114,49.09,Medium,Tertiary,True
115,66.35,Low,Tertiary,True
116,73.82,Medium,Primary,False
117,39.07,Medium,Tertiary,False
118,78.76,High,Tertiary,True
119,37.28,Low,Tertiary,False
120,67.05,High,Primary,False
121,55.39,High,Secondary,False
122,71.18,High,Secondary,True
123,59.58,Medium,Primary,False
124,30.58,High,Tertiary,True
125,62.98,Medium,Primary,False
126,35.69,Medium,Secondary,False
127,52.71,Low,Primary,False
128,42.9,Low,Primary,True
129,48.2,High,Secondary,False
130,37.74,Medium,Secondary,True
131,53.73,Medium,Tertiary,False
132,66.94,Medium,Primary,False
133,53.7,Low,Secondary,False
134,38.79,Medium,Primary,True
135,32.96,High,Tertiary,True
136,58.49,High,Primary,False
137,44.46,Low,Secondary,False
138,79.67,Medium,Tertiary,True
139,38.59,Medium,Tertiary,True
140,49.41,High,Primary,False
141,55.4,Low,Primary,True
142,64.85,Low,Tertiary,False
143,34.17,High,Secondary,True
144,66.99,Low,Primary,False
145,50.44,Low,Tertiary,False
146,70.0,Medium,Tertiary,False
147,63.53,Medium,Primary,False
148,65.82,Medium,Secondary,True
149,62.51,Medium,Primary,True
150,53.74,Medium,Tertiary,True
151,54.77,Medium,Tertiary,True
152,53.77,Low,Primary,True
153,34.48,Low,Secondary,False
154,75.67,Medium,Tertiary,False
155,55.9,High,Secondary,True
156,47.04,Low,Secondary,False
157,48.31,High,Secondary,True
158,64.46,Medium,Primary,True
159,46.61,Low,Tertiary,False
160,72.58,Medium,Tertiary,True
161,54.69,High,Tertiary,False
162,65.04,Low,Secondary,False
163,39.47,Low,Secondary,False
164,59.51,Low,Primary,True
165,51.35,High,Primary,True
166,43.55,Low,Secondary,False
167,42.48,High,Primary,False
168,56.92,Medium,Secondary,True
169,33.78,High,Secondary,True
170,38.66,High,Primary,False
171,41.08,Medium,Primary,False
172,67.49,Low,Primary,True
173,72.98,High,Primary,False
174,79.15,High,Primary,False
175,33.77,Low,Primary,True
176,50.37,High,Tertiary,True
177,56.15,Low,Primary,False
178,37.09,Low,Primary,True
179,56.19,High,Primary,True
180,49.05,Medium,Secondary,True
181,33.84,Low,Primary,False
182,50.4,Low,Tertiary,True
183,55.26,Medium,Secondary,True
184,38.59,Low,Tertiary,False
185,42.78,Medium,Tertiary,True
186,47.05,Medium,Tertiary,False
187,78.31,Low,Secondary,True
188,63.98,Low,Primary,True
189,73.04,High,Primary,False
190,59.66,Low,Primary,True
191,45.91,Low,Primary,False
192,77.28,High,Primary,True
193,36.12,Medium,Primary,False
194,46.19,Medium,Secondary,False
195,62.11,Medium,Primary,True
196,66.17,High,Primary,False
197,60.73,High,Tertiary,False
198,42.72,Medium,Primary,False
199,76.06,Low,Secondary,False
200,67.16,Low,Tertiary,False
201,47.83,Low,Secondary,False
202,56.22,Low,Secondary,True
203,77.92,Low,Primary,False
204,65.41,High,Primary,True
205,36.96,Medium,Tertiary,False
206,56.12,High,Primary,True
207,70.16,High,Tertiary,True
208,47.79,High,Tertiary,False
209,57.94,Medium,Secondary,True
210,67.41,High,Tertiary,False
211,79.91,Low,Tertiary,False
212,44.02,Low,Secondary,True
213,64.73,High,Tertiary,False
214,52.49,Medium,Tertiary,True
215,47.02,High,Secondary,True
216,41.0,Medium,Tertiary,False
217,34.19,Low,Tertiary,True
218,76.27,Medium,Primary,True
219,39.0,Medium,Primary,True
220,68.34,Medium,Primary,False
221,63.93,High,Primary,True
222,50.66,High,Primary,False
223,60.25,Low,Tertiary,False
224,41.27,Low,Primary,False
225,57.63,Low,Primary,False
226,60.1,Medium,Secondary,True
227,31.21,High,Primary,False
228,30.18,High,Primary,True
229,34.97,High,Primary,True
230,56.02,Medium,Secondary,True
231,65.69,Low,Primary,True
232,42.22,High,Primary,False
233,65.55,Medium,Secondary,False
234,32.03,Medium,Tertiary,False
235,36.19,High,Primary,True
236,33.66,Low,Tertiary,True
237,66.75,Low,Primary,True
238,47.89,Medium,Primary,False
239,64.67,Medium,Tertiary,False
240,70.55,High,Primary,False
241,45.44,Medium,Primary,False
242,40.53,Medium,Tertiary,True
243,72.93,High,Primary,False
244,31.04,High,Secondary,True
245,34.24,Medium,Tertiary,True
246,67.86,Low,Secondary,False
247,59.48,Medium,Tertiary,False
248,71.71,Medium,Primary,True
249,55.93,High,Primary,True
250,31.03,Low,Tertiary,False
251,72.3,Medium,Primary,False
252,30.71,High,Primary,False
253,77.19,Medium,Secondary,False
254,32.41,High,Primary,False
255,71.42,High,Tertiary,True
256,76.9,Medium,Primary,False
257,44.89,High,Secondary,True
258,57.21,High,Secondary,True
259,38.25,Low,Primary,True
260,73.97,Medium,Tertiary,True
261,56.72,High,Secondary,True
262,54.42,Medium,Primary,False
263,53.62,High,Primary,True
264,41.16,Low,Tertiary,True
265,70.48,High,Secondary,False
266,55.63,Medium,Secondary,False
267,43.37,Medium,Secondary,True
268,58.15,High,Secondary,True
269,30.43,Medium,Tertiary,True
270,45.14,High,Secondary,False
271,37.48,Medium,Secondary,True
272,49.19,High,Primary,True
273,50.29,Medium,Primary,False
274,78.11,Low,Tertiary,False
275,70.4,High,Secondary,False
276,33.91,Medium,Secondary,True
277,57.61,Low,Primary,True
278,72.25,Low,Primary,True
279,46.4,Medium,Secondary,False
280,60.62,Low,Primary,False
281,53.08,High,Secondary,False
282,43.81,High,Primary,False
283,74.45,Medium,Secondary,True
284,42.77,Low,Tertiary,False
285,66.88,Low,Tertiary,True
286,39.5,Medium,Tertiary,True
287,51.84,Medium,Primary,False
288,56.88,Medium,Secondary,False
289,48.98,Medium,Tertiary,True
290,77.15,High,Primary,False
291,59.15,Medium,Primary,False
292,52.68,High,Secondary,False
293,63.76,Low,Tertiary,True
294,75.81,Low,Primary,True
295,40.05,Low,Primary,False
296,32.9,Medium,Tertiary,True
297,76.6,Low,Secondary,True
298,63.52,Medium,Secondary,True
299,30.87,Low,Primary,True
300,66.24,Low,Tertiary,False
301,34.62,Low,Tertiary,False
302,30.06,Medium,Primary,False
303,70.45,Medium,Primary,True
304,37.99,High,Primary,True
305,38.03,Medium,Tertiary,True
306,64.86,High,Tertiary,False
307,67.11,Medium,Tertiary,False
308,32.87,Medium,Tertiary,True
309,75.48,Medium,Secondary,False
310,73.68,Medium,Secondary,False
311,45.54,Medium,Secondary,True
312,79.63,Low,Primary,True
313,34.22,Low,Primary,True
314,33.01,Medium,Secondary,False
315,78.29,Medium,Tertiary,True
316,65.55,Low,Primary,True
317,57.48,High,Primary,True
318,47.59,Medium,Tertiary,True
319,36.38,Low,Tertiary,True
320,45.69,Medium,Primary,False
321,30.15,High,Primary,True
322,39.08,High,Primary,False
323,37.68,Low,Primary,False
324,67.64,Low,Primary,False
325,50.01,Low,Primary,True
326,45.74,Low,Tertiary,True
327,36.58,Medium,Tertiary,True
328,49.16,Low,Tertiary,True
329,60.44,Medium,Tertiary,False
330,57.3,High,Secondary,True
331,47.15,Low,Primary,True
332,78.98,Low,Secondary,False
333,39.79,Medium,Primary,True
334,65.9,Low,Secondary,True
335,52.58,Low,Primary,True
336,41.55,High,Tertiary,True
337,46.33,Low,Secondary,True
338,73.39,Medium,Primary,False
339,63.4,High,Primary,True
340,61.35,Medium,Tertiary,False
341,64.22,Medium,Primary,True
342,73.43,Low,Tertiary,False
343,76.74,Low,Primary,True
344,40.76,High,Primary,False
345,52.63,Low,Secondary,True
346,32.07,Medium,Secondary,True
347,76.64,High,Primary,True
348,30.94,Low,Tertiary,True
349,41.3,Low,Tertiary,True
350,61.15,Medium,Secondary,True
351,71.31,Medium,Tertiary,False
352,41.56,Medium,Secondary,False
353,31.9,Medium,Primary,True
354,42.24,Low,Tertiary,True
355,58.05,Low,Primary,True
356,52.58,Medium,Primary,False
357,33.29,Medium,Secondary,True
358,41.33,Low,Primary,True
359,66.93,High,Secondary,True
360,65.01,Medium,Tertiary,False
361,47.39,Low,Primary,False
362,59.17,Low,Primary,False
363,33.07,High,Primary,False
364,66.33,High,Secondary,False
365,66.08,High,Secondary,False
366,31.11,Low,Secondary,False
367,78.47,High,Tertiary,False
368,71.81,Low,Primary,True
369,47.43,High,Tertiary,False
370,51.61,Medium,Tertiary,False
371,32.72,High,Tertiary,False
372,63.31,Medium,Secondary,True
373,62.44,Medium,Primary,False
374,42.62,High,Tertiary,True
375,49.36,High,Secondary,True
376,38.67,Medium,Secondary,False
377,51.89,High,Secondary,False
378,59.7,Low,Primary,False
379,48.7,Medium,Tertiary,False
380,57.44,Medium,Secondary,True
381,57.87,Medium,Secondary,False
382,41.06,Medium,Tertiary,False
383,33.83,High,Secondary,False
384,70.66,Low,Secondary,True
385,65.1,High,Secondary,False
386,46.96,Medium,Tertiary,False
387,65.36,High,Primary,True
388,50.25,Medium,Secondary,True
389,66.03,Medium,Secondary,False
390,79.73,Medium,Secondary,False
391,75.24,Low,Secondary,False
392,77.76,Low,Tertiary,False
393,78.39,Low,Primary,False
394,76.92,High,Primary,False
395,53.25,Medium,Secondary,True
396,74.48,Low,Primary,True
397,37.42,Low,Tertiary,False
398,54.32,Low,Primary,True
399,56.17,Medium,Primary,False
400,43.91,Medium,Primary,False
401,56.73,Medium,Tertiary,False
402,71.12,High,Secondary,True
403,37.11,High,Tertiary,False
404,74.8,Medium,Primary,False
405,57.03,High,Primary,False
406,34.34,Medium,Primary,True
407,34.85,Medium,Secondary,False
408,37.4,Medium,Tertiary,True
409,79.14,High,Secondary,True
410,34.86,Low,Primary,True
411,72.94,High,Primary,True
412,78.81,Medium,Primary,True
413,55.59,Medium,Secondary,False
414,43.02,Medium,Secondary,True
415,40.83,Medium,Secondary,True
416,66.44,Medium,Secondary,False
417,72.37,High,Tertiary,True
418,72.82,Low,Primary,False
419,34.62,High,Tertiary,True
420,52.93,Low,Primary,True
421,77.34,High,Tertiary,False
422,73.21,High,Tertiary,True
423,76.01,Medium,Secondary,True
424,32.25,Low,Tertiary,True
425,54.72,Medium,Tertiary,True
426,54.18,Medium,Tertiary,True
427,77.86,High,Tertiary,True
428,44.18,Low,Tertiary,False
429,59.93,Low,Secondary,False
430,34.75,Low,Primary,False
431,61.34,Medium,Secondary,False
432,73.88,Low,Primary,True
433,57.44,Low,Tertiary,False
434,79.22,Medium,Secondary,True
435,59.57,Low,Primary,True
436,35.63,Low,Secondary,True
437,35.27,Low,Primary,True
438,60.32,Medium,Primary,False
439,36.41,Low,Secondary,True
440,37.77,High,Primary,True
441,70.62,Low,Tertiary,True
442,37.78,High,Secondary,True
443,33.69,Medium,Primary,False
444,78.94,Low,Tertiary,True
445,51.79,High,Secondary,False
446,56.04,Medium,Secondary,False
447,74.51,Medium,Tertiary,True
448,34.43,Low,Primary,True
449,53.2,High,Primary,False
450,55.23,Medium,Secondary,False
451,70.76,Low,Tertiary,True
452,58.23,Medium,Tertiary,False
453,37.93,Low,Secondary,True
454,58.26,High,Secondary,False
455,73.54,Low,Secondary,True
456,66.26,Medium,Secondary,True
457,30.15,High,Secondary,False
458,39.56,Medium,Primary,True
459,75.27,High,Secondary,True
460,67.3,High,Secondary,True
461,65.39,High,Primary,False
462,68.68,Low,Primary,True
463,77.23,High,Tertiary,True
464,61.28,Medium,Secondary,False
465,71.0,Medium,Primary,True
466,51.87,Medium,Secondary,False
467,55.79,High,Primary,True
468,34.06,High,Secondary,False
469,51.23,Low,Secondary,True
470,36.98,Low,Primary,False
471,66.68,Low,Primary,False
472,53.9,Low,Tertiary,True
473,45.49,Low,Secondary,True
474,68.48,Low,Secondary,False
475,31.25,Low,Primary,True
476,72.94,Medium,Secondary,False
477,69.35,Low,Tertiary,False
478,66.02,High,Tertiary,False
479,47.39,Low,Tertiary,False
480,54.08,High,Secondary,True
481,61.17,High,Primary,True
482,44.39,High,Tertiary,False
483,71.71,Low,Tertiary,True
484,40.7,Low,Tertiary,False
485,67.64,Low,Primary,True
486,66.5,Low,Secondary,True
487,65.62,Medium,Tertiary,True
488,76.19,Low,Primary,False
489,75.94,Low,Secondary,True
490,49.29,High,Primary,True
491,66.99,Medium,Tertiary,True
492,66.52,Low,Tertiary,True
493,32.79,Medium,Secondary,False
494,32.78,High,Tertiary,False
495,68.11,Medium,Tertiary,False
496,45.75,Low,Tertiary,True
497,49.9,High,Primary,True
498,35.99,Medium,Secondary,True
499,34.39,Medium,Primary,False
500,32.09,High,Secondary,True
501,31.74,Low,Primary,False
502,40.29,Medium,Secondary,False
503,33.81,Medium,Tertiary,False
504,60.56,Medium,Primary,False
505,40.41,High,Primary,False
506,58.4,High,Secondary,False
507,78.85,Medium,Secondary,True
508,57.59,Medium,Tertiary,True
509,43.0,Medium,Secondary,True
510,43.76,Medium,Primary,True
511,35.28,Low,Secondary,False
512,53.73,Low,Tertiary,False
513,77.4,Low,Tertiary,True
514,46.51,High,Primary,False
515,52.07,High,Primary,True
516,42.03,Medium,Secondary,False
517,40.35,Low,Tertiary,True
518,33.56,Medium,Primary,True
519,58.73,High,Tertiary,False
520,49.84,Low,Tertiary,False
521,74.99,High,Primary,True
522,65.16,High,Tertiary,True
523,60.77,High,Secondary,False
524,55.87,Medium,Primary,False
525,54.06,Medium,Secondary,True
526,71.88,Low,Secondary,False
527,39.09,Low,Tertiary,False
528,77.23,Medium,Primary,True
529,74.6,Low,Secondary,False
530,41.08,Low,Primary,False
531,32.65,High,Secondary,True
532,30.57,Medium,Secondary,False
533,58.2,Medium,Primary,True
534,75.87,High,Tertiary,False
535,45.41,Medium,Primary,False
536,43.82,Medium,Secondary,False
537,36.6,Medium,Secondary,True
538,63.71,Low,Tertiary,False
539,57.95,Medium,Primary,True
540,70.84,Medium,Secondary,True
541,38.15,Low,Secondary,True
542,47.37,High,Secondary,True
543,62.64,Medium,Secondary,True
544,39.83,Low,Tertiary,False
545,72.73,High,Secondary,True
546,55.09,High,Secondary,False
547,50.11,High,Secondary,True
548,64.79,High,Primary,True
549,65.88,Low,Secondary,False
550,58.46,Low,Tertiary,True
551,74.75,Low,Secondary,False
552,67.79,Low,Secondary,False
553,43.49,Low,Primary,False
554,36.72,Low,Secondary,True
555,36.69,Medium,Primary,True
556,78.9,Medium,Secondary,False
557,30.14,Low,Primary,False
558,65.29,Low,Tertiary,False
559,60.9,Medium,Secondary,False
560,33.9,Low,Secondary,True
561,79.8,Medium,Tertiary,False
562,76.1,Medium,Primary,False
563,75.41,High,Tertiary,True
564,40.76,High,Primary,False
565,33.47,Medium,Tertiary,True
566,46.46,High,Tertiary,True
567,77.86,Medium,Secondary,True
568,72.12,Medium,Tertiary,False
569,52.56,Medium,Primary,True
570,59.76,High,Secondary,True
571,63.49,Low,Tertiary,True
572,59.58,Low,Secondary,False
573,37.28,Medium,Tertiary,False
574,36.39,Medium,Tertiary,True
575,38.96,Low,Tertiary,True
576,62.23,Low,Tertiary,False
577,33.04,Low,Primary,False
578,43.48,High,Tertiary,True
579,34.03,Medium,Secondary,True
580,59.01,Medium,Tertiary,False
581,71.4,Low,Primary,False
582,35.64,Medium,Primary,True
583,43.41,High,Tertiary,True
584,47.11,High,Primary,True
585,51.56,Medium,Secondary,True
586,67.75,Low,Secondary,False
587,60.39,Low,Primary,True
588,73.16,Medium,Secondary,False
589,70.65,Low,Primary,False
590,42.01,Medium,Primary,True
591,47.39,Medium,Secondary,True
592,54.7,Medium,Primary,True
593,61.77,Medium,Secondary,True
594,39.93,Low,Secondary,False
595,46.73,High,Tertiary,False
596,42.0,High,Tertiary,True
597,68.66,High,Primary,False
598,62.31,Low,Primary,False
599,74.41,Medium,Tertiary,False
600,56.9,Low,Tertiary,True
601,63.91,High,Primary,False
602,40.88,Low,Tertiary,False
603,72.34,High,Secondary,True
604,78.32,Medium,Secondary,True
605,53.24,High,Secondary,True
606,69.55,Medium,Tertiary,False
607,43.46,High,Tertiary,True
608,58.88,High,Secondary,False
609,49.57,Medium,Secondary,True
610,60.26,Medium,Primary,False
611,30.77,Medium,Primary,False
612,37.37,Low,Primary,False
613,46.87,High,Tertiary,False
614,40.75,Low,Primary,True
615,32.42,Low,Primary,False
616,47.28,Medium,Primary,True
617,63.78,Low,Secondary,False
618,50.54,Medium,Primary,False
619,47.06,Medium,Tertiary,True
620,42.71,Low,Tertiary,True
621,33.57,Medium,Tertiary,False
622,44.01,Low,Tertiary,True
623,64.97,Medium,Secondary,False
624,72.65,Medium,Secondary,True
625,69.34,Low,Tertiary,False
626,76.65,Low,Tertiary,False
627,46.65,High,Tertiary,False
628,36.75,Medium,Secondary,False
629,33.2,Medium,Secondary,False
630,77.17,Medium,Secondary,True
631,75.07,Low,Primary,True
632,66.97,Medium,Primary,False
633,75.81,Low,Tertiary,True
634,65.97,Low,Primary,False
635,31.09,High,Primary,False
636,38.64,Medium,Secondary,True
637,40.34,High,Tertiary,True
638,72.94,Low,Tertiary,True
639,52.57,High,Secondary,True
640,72.81,Low,Primary,False
641,52.3,Medium,Primary,True
642,76.46,Low,Primary,True
643,35.43,High,Secondary,False
644,78.24,High,Tertiary,False
645,70.95,Low,Primary,False
646,40.85,Medium,Primary,True
647,36.23,Low,Secondary,False
648,51.53,High,Tertiary,False
649,67.3,High,Primary,False
650,64.89,High,Primary,False
651,33.1,Medium,Secondary,False
652,46.78,Low,Secondary,True
653,74.38,High,Secondary,False
654,74.28,Low,Tertiary,False
655,34.06,Medium,Primary,True
656,70.09,Low,Secondary,False
657,55.14,Medium,Primary,False
658,65.32,High,Secondary,False
659,31.88,Low,Primary,True
660,71.19,High,Tertiary,True
661,45.66,High,Secondary,False
662,57.79,Low,Primary,False
663,76.26,Medium,Secondary,False
664,59.8,Medium,Primary,True
665,42.92,Low,Secondary,False
666,47.94,Low,Primary,True
667,43.34,Medium,Primary,True
668,45.62,High,Primary,True
669,48.91,Medium,Tertiary,True
670,55.82,Medium,Primary,True
671,46.57,High,Secondary,True
672,43.96,Low,Secondary,True
673,73.38,High,Secondary,False
674,38.27,Medium,Tertiary,True
675,43.38,High,Tertiary,True
676,73.31,Medium,Tertiary,True
677,45.29,Medium,Primary,True
678,56.13,High,Primary,True
679,76.5,Low,Secondary,False
680,67.1,Low,Primary,False
681,32.72,Medium,Secondary,True
682,31.27,High,Secondary,False
683,59.91,Low,Secondary,True
684,60.96,Low,Secondary,True
685,64.0,High,Tertiary,True
686,35.87,Medium,Primary,True
687,41.59,High,Tertiary,False
688,40.99,High,Primary,False
689,44.59,Low,Primary,False
690,42.24,Medium,Tertiary,True
691,30.75,Low,Secondary,False
692,79.39,Low,Secondary,False
693,45.34,High,Tertiary,True
694,60.82,High,Secondary,False
695,55.79,Low,Secondary,False
696,59.22,Low,Secondary,False
697,63.29,High,Primary,False
698,42.58,Low,Secondary,True
699,67.84,Medium,Primary,False
700,70.52,Low,Primary,False
701,64.58,Medium,Tertiary,False
702,39.08,Low,Primary,True
703,65.44,Low,Tertiary,True
704,79.38,High,Tertiary,False
705,44.73,Low,Primary,True
706,55.26,High,Secondary,False
707,41.24,Medium,Secondary,False
708,56.06,High,Tertiary,False
709,46.08,High,Tertiary,True
710,74.95,Low,Secondary,True
711,55.5,Medium,Secondary,True
712,52.94,Medium,Secondary,True
713,36.47,Medium,Secondary,True
714,30.0,Low,Secondary,False
715,30.37,Medium,Secondary,False
716,65.33,Medium,Tertiary,True
717,68.54,Low,Primary,True
718,64.82,High,Secondary,False
719,43.9,Low,Tertiary,False
720,70.79,Low,Secondary,True
721,45.02,Medium,Tertiary,True
722,78.64,Medium,Primary,False
723,66.49,High,Secondary,True
724,44.34,High,Primary,False
725,38.46,Low,Tertiary,True
726,35.28,High,Tertiary,True
727,40.21,High,Primary,True
728,43.21,High,Primary,True
729,74.37,Low,Secondary,False
730,66.11,High,Primary,True
731,76.68,Medium,Tertiary,True
732,46.58,High,Primary,True
733,50.82,Low,Tertiary,False
734,48.79,Medium,Secondary,True
735,66.09,Low,Tertiary,True
736,30.98,Medium,Secondary,False
737,39.16,High,Tertiary,True
738,47.02,Low,Secondary,False
739,74.86,Low,Secondary,True
740,38.01,High,Tertiary,True
741,66.23,Medium,Secondary,False
742,72.98,Low,Primary,True
743,74.4,Low,Tertiary,False
744,61.84,High,Primary,False
745,50.12,High,Secondary,True
746,68.44,Low,Primary,False
747,68.61,Low,Primary,True
748,57.03,Low,Tertiary,False
749,45.27,Medium,Tertiary,False
750,58.36,High,Secondary,False
751,44.11,High,Secondary,True
752,45.22,Low,Primary,True
753,55.19,High,Secondary,False
754,67.4,High,Primary,True
755,39.1,Medium,Primary,True
756,76.03,Medium,Primary,False
757,69.96,Medium,Primary,True
758,61.1,High,Primary,False
759,43.36,High,Secondary,False
760,70.51,Medium,Secondary,False
761,76.44,High,Secondary,False
762,64.38,High,Tertiary,True
763,79.79,Low,Tertiary,False
764,68.43,High,Tertiary,False
765,76.22,High,Primary,True
766,53.15,Low,Primary,False
767,62.43,Medium,Tertiary,True
768,69.29,High,Primary,False
769,76.35,Low,Primary,True
770,39.99,High,Tertiary,True
771,46.84,Low,Primary,True
772,31.59,Low,Secondary,True
773,55.85,High,Secondary,False
774,76.53,Medium,Primary,True
775,49.78,Low,Tertiary,True
776,64.77,Low,Secondary,False
777,44.4,Low,Secondary,True
778,54.59,High,Tertiary,True
779,45.41,High,Secondary,True
780,42.14,Low,Primary,True
781,48.25,Low,Tertiary,True
782,32.95,Medium,Tertiary,False
783,45.44,High,Tertiary,True
784,73.61,High,Tertiary,False
785,37.16,Medium,Primary,False
786,79.23,High,Tertiary,False
787,42.39,Low,Tertiary,True
788,36.35,Medium,Tertiary,False
789,33.49,Low,Tertiary,False
790,55.73,Medium,Tertiary,False
791,54.34,High,Tertiary,True
792,77.64,Medium,Secondary,False
793,69.46,Medium,Tertiary,True
794,72.61,High,Tertiary,False
795,75.09,Medium,Secondary,False
796,63.73,Low,Tertiary,True
797,66.54,Medium,Tertiary,False
798,70.26,High,Secondary,True
799,45.62,Low,Primary,True
800,43.53,Medium,Secondary,True
801,65.59,Low,Primary,True
802,74.85,High,Primary,False
803,36.77,High,Secondary,True
804,71.81,High,Primary,False
805,59.62,Medium,Tertiary,True
806,35.88,Medium,Secondary,True
807,51.22,Medium,Primary,False
808,47.2,Low,Primary,True
809,63.13,Low,Secondary,False
810,34.19,Medium,Secondary,True
811,75.1,Low,Tertiary,False
812,73.04,Medium,Tertiary,False
813,43.54,Low,Secondary,False
814,37.21,Medium,Secondary,True
815,52.24,Low,Primary,False
816,79.32,Low,Primary,True
817,43.65,High,Tertiary,True
818,67.01,High,Primary,True
819,55.47,Medium,Primary,True
820,76.76,High,Secondary,False
821,52.27,Low,Secondary,False
822,35.88,Low,Secondary,False
823,70.61,Medium,Tertiary,True
824,37.69,High,Tertiary,False
825,53.56,Medium,Primary,False
826,78.66,Low,Secondary,False
827,74.47,Low,Tertiary,False
828,79.84,Low,Secondary,True
829,56.17,Medium,Secondary,True
830,49.8,Low,Secondary,False
831,67.62,Low,Secondary,False
832,37.54,Medium,Secondary,False
833,58.31,Low,Secondary,False
834,64.66,High,Primary,False
835,67.65,Medium,Secondary,False
836,50.09,Medium,Secondary,False
837,39.15,High,Tertiary,True
838,36.28,Low,Tertiary,False
839,34.97,High,Tertiary,False
840,55.67,Low,Tertiary,False
841,68.88,High,Tertiary,True
842,72.44,Medium,Secondary,True
843,31.88,Low,Secondary,False
844,52.63,Low,Secondary,True
845,69.69,Medium,Tertiary,True
846,71.8,High,Secondary,True
847,65.58,Medium,Tertiary,True
848,37.85,Medium,Secondary,False
849,66.08,Medium,Secondary,False
850,77.27,High,Tertiary,True
851,40.61,Medium,Primary,True
852,31.58,Medium,Tertiary,False
853,48.93,Medium,Primary,True
854,62.52,High,Tertiary,False
855,75.98,Low,Secondary,True
856,68.94,Medium,Tertiary,True
857,46.44,Medium,Secondary,False
858,62.84,Medium,Secondary,True
859,71.25,High,Secondary,False
860,42.74,Low,Primary,True
861,54.05,Medium,Secondary,True
862,41.9,Medium,Tertiary,True
863,40.74,Medium,Tertiary,False
864,72.1,High,Tertiary,True
865,77.95,Medium,Primary,True
866,79.67,Medium,Primary,False
867,68.0,Low,Primary,False
868,66.55,Medium,Primary,False
869,60.48,Medium,Tertiary,True
870,57.79,Low,Primary,True
871,30.34,High,Primary,False
872,44.1,High,Primary,True
873,74.18,High,Secondary,False
874,72.84,High,Secondary,False
875,37.54,Low,Primary,False
876,47.62,High,Primary,True
877,46.52,Medium,Tertiary,False
878,54.6,Medium,Secondary,False
879,61.14,High,Secondary,False
880,59.0,Medium,Primary,True
881,33.35,High,Tertiary,False
882,68.43,Medium,Tertiary,True
883,39.74,Medium,Primary,True
884,33.29,High,Tertiary,False
885,51.47,Medium,Tertiary,False
886,77.29,High,Primary,True
887,34.9,High,Secondary,False
888,60.83,High,Tertiary,False
889,43.94,Medium,Primary,False
890,61.1,High,Primary,False
891,34.64,High,Secondary,True
892,39.8,High,Secondary,False
893,43.63,Medium,Secondary,True
894,71.55,Medium,Primary,True
895,70.08,High,Secondary,False
896,47.41,Low,Primary,True
897,44.66,High,Secondary,True
898,68.43,Medium,Primary,True
899,63.53,Low,Primary,True
900,78.74,Medium,Primary,True
901,36.72,High,Tertiary,True
902,41.47,High,Secondary,False
903,76.88,High,Primary,False
904,56.46,Low,Tertiary,False
905,71.76,Medium,Tertiary,False
906,65.31,Medium,Secondary,True
907,42.71,High,Primary,False
908,56.61,Medium,Primary,True
909,65.33,Medium,Primary,False
910,52.33,High,Tertiary,True
911,32.77,High,Tertiary,True
912,66.37,Medium,Secondary,False
913,40.39,Medium,Primary,True
914,75.11,Medium,Tertiary,False
915,48.22,Medium,Secondary,True
916,55.66,High,Tertiary,True
917,52.94,Medium,Primary,False
918,40.13,Low,Tertiary,True
919,49.65,High,Secondary,True
920,41.57,High,Primary,True
921,72.71,High,Tertiary,False
922,48.03,High,Tertiary,True
923,44.94,Medium,Tertiary,False
924,38.8,Medium,Tertiary,True
925,63.88,Low,Secondary,True
926,75.67,Low,Tertiary,False
927,67.58,High,Tertiary,True
928,38.38,Low,Secondary,True
929,44.12,High,Tertiary,False
930,38.7,Medium,Primary,True
931,52.63,High,Primary,False
932,56.63,Medium,Secondary,False
933,58.74,Medium,Tertiary,False
934,77.47,High,Secondary,False
935,60.32,Low,Secondary,False
936,71.7,Low,Primary,True
937,41.73,Low,Secondary,False
938,33.54,Medium,Secondary,False
939,76.14,High,Secondary,False
940,70.47,Low,Tertiary,True
941,58.58,Medium,Secondary,False
942,40.83,High,Primary,True
943,40.37,Medium,Secondary,False
944,48.49,High,Secondary,True
945,74.18,Medium,Tertiary,False
946,69.72,High,Primary,True
947,77.34,Low,Secondary,False
948,47.56,Low,Primary,False
949,51.27,Low,Tertiary,True
950,71.89,High,Secondary,True
951,34.77,Low,Primary,False
952,30.64,Medium,Secondary,False
953,55.03,Medium,Primary,False
954,61.71,Medium,Secondary,False
955,30.09,Low,Primary,True
956,35.61,Low,Secondary,False
957,66.28,Low,Tertiary,False
958,35.04,Medium,Secondary,False
959,58.06,Low,Primary,False
960,78.69,Low,Tertiary,False
961,71.35,Medium,Secondary,False
962,57.72,High,Tertiary,True
963,37.77,Low,Tertiary,True
964,70.21,Medium,Primary,True
965,51.02,Low,Tertiary,True
966,48.18,Low,Primary,False
967,74.29,High,Primary,True
968,50.37,Medium,Secondary,True
969,30.53,Low,Secondary,False
970,75.11,Medium,Secondary,True
971,62.03,Low,Tertiary,True
972,39.99,Low,Primary,False
973,45.11,Low,Secondary,True
974,67.91,Low,Primary,False
975,53.78,Low,Primary,True
976,38.2,High,Secondary,False
977,51.5,High,Tertiary,False
978,53.57,Medium,Secondary,True
979,62.76,High,Tertiary,False
980,64.59,Low,Secondary,True
981,63.35,Medium,Tertiary,False
982,42.89,Low,Primary,True
983,38.07,High,Primary,True
984,50.85,Medium,Secondary,False
985,76.89,High,Tertiary,False
986,64.26,High,Secondary,True
987,38.97,Low,Primary,True
988,41.2,Low,Tertiary,True
989,39.19,Medium,Tertiary,True
990,47.72,Low,Tertiary,True
991,51.91,Low,Primary,True
992,53.05,Medium,Secondary,False
993,38.49,Low,Tertiary,False
994,44.53,Low,Tertiary,True
995,66.85,Medium,Primary,False
996,59.55,Medium,Tertiary,True
997,72.8,Low,Tertiary,True
998,46.82,Low,Primary,True
999,46.86,Low,Secondary,True
1000,61.63,Medium,Secondary,True
1001,43.66,Low,Primary,False
1002,55.22,Medium,Secondary,False
1003,67.33,Low,Tertiary,True
1004,52.08,Low,Tertiary,False
1005,56.82,Medium,Secondary,True
1006,70.01,Medium,Tertiary,True
1007,49.97,Low,Secondary,False
1008,48.3,Low,Primary,True
1009,66.58,Medium,Primary,True
1010,51.73,High,Primary,True
1011,46.18,Medium,Secondary,True
1012,31.99,High,Tertiary,False
1013,34.95,Medium,Tertiary,False
1014,68.2,High,Secondary,False
1015,51.14,High,Secondary,True
1016,33.52,Low,Secondary,False
1017,49.2,High,Secondary,True
1018,66.85,High,Secondary,False
1019,51.56,High,Primary,True
1020,35.96,Low,Secondary,False
1021,41.21,Low,Secondary,False
1022,32.78,High,Secondary,False
1023,78.48,Low,Primary,True
1024,67.54,Low,Tertiary,True
1025,66.43,Low,Tertiary,True
1026,45.72,Medium,Primary,False
1027,66.78,High,Primary,False
1028,41.96,Medium,Secondary,True
1029,74.87,Low,Primary,True
1030,36.72,Medium,Tertiary,True
1031,62.8,Low,Tertiary,False
1032,37.67,Medium,Secondary,False
1033,37.75,High,Secondary,True
1034,71.57,High,Secondary,False
1035,33.04,Medium,Secondary,False
1036,39.39,High,Primary,False
1037,37.69,High,Tertiary,False
1038,50.18,Medium,Secondary,True
1039,58.8,Medium,Tertiary,True
1040,38.17,Medium,Secondary,False
1041,48.78,High,Primary,True
1042,58.09,High,Secondary,True
1043,38.78,Low,Primary,True
1044,46.36,Medium,Secondary,False
1045,68.11,Low,Tertiary,False
1046,46.35,Medium,Primary,False
1047,76.4,High,Primary,True
1048,62.15,Medium,Primary,True
1049,68.73,Low,Tertiary,True
1050,37.54,High,Tertiary,True
1051,74.82,Medium,Primary,True
1052,68.35,Medium,Primary,True
1053,38.04,High,Secondary,False
1054,72.62,High,Primary,True
1055,35.05,High,Primary,True
1056,64.35,High,Primary,True
1057,72.05,Low,Primary,True
1058,30.91,Low,Primary,True
1059,30.54,Low,Primary,False
1060,32.98,Medium,Tertiary,False
1061,32.73,Medium,Secondary,False
1062,32.64,Medium,Primary,True
1063,56.85,Medium,Secondary,False
1064,35.17,High,Tertiary,True
1065,59.99,Low,Primary,False
1066,75.49,Medium,Primary,False
1067,66.16,Low,Tertiary,True
1068,45.54,Medium,Tertiary,True
1069,30.26,Medium,Primary,True
1070,59.04,Medium,Primary,False
1071,70.92,Low,Secondary,False
1072,63.69,High,Tertiary,False
1073,73.81,High,Tertiary,False
1074,64.01,Low,Secondary,False
1075,67.12,Low,Secondary,True
1076,40.13,High,Secondary,True
1077,74.5,Medium,Primary,False
1078,41.17,Low,Secondary,False
1079,65.64,Low,Primary,False
1080,35.91,Medium,Primary,True
1081,65.46,High,Primary,True
1082,72.55,High,Tertiary,False
1083,43.68,High,Secondary,True
1084,69.52,Medium,Tertiary,False
1085,34.43,Medium,Tertiary,True
1086,38.06,Medium,Primary,False
1087,40.52,Medium,Tertiary,True
1088,32.09,High,Tertiary,True
1089,78.63,Medium,Tertiary,True
1090,45.68,High,Secondary,True
1091,77.73,Low,Tertiary,False
1092,67.34,High,Secondary,True
1093,37.4,Low,Tertiary,True
1094,34.6,Low,Primary,False
1095,36.7,High,Primary,False
1096,61.5,Low,Secondary,False
1097,79.86,High,Secondary,False
1098,39.32,High,Secondary,False
1099,47.99,Medium,Secondary,False
1100,38.42,High,Tertiary,True
1101,64.29,High,Secondary,True
1102,58.71,Low,Tertiary,False
1103,58.86,High,Tertiary,True
1104,56.13,High,Primary,False
1105,30.46,High,Primary,True
1106,37.27,Medium,Primary,False
1107,55.96,Low,Secondary,False
1108,44.49,Medium,Primary,False
1109,43.8,High,Tertiary,True
1110,74.16,Low,Secondary,True
1111,55.22,Medium,Tertiary,True
1112,35.18,Medium,Tertiary,True
1113,35.68,High,Tertiary,False
1114,50.21,High,Tertiary,False
1115,36.37,High,Secondary,True
1116,79.83,Low,Primary,False
1117,61.51,Low,Primary,True
1118,71.07,Medium,Tertiary,False
1119,56.31,Medium,Tertiary,False
1120,42.85,Low,Primary,True
1121,57.46,Medium,Tertiary,False
1122,32.31,Medium,Primary,True
1123,75.96,Medium,Secondary,True
1124,38.33,High,Tertiary,False
1125,32.79,Medium,Primary,False
1126,53.63,High,Primary,True
1127,33.51,High,Tertiary,True
1128,48.53,Low,Primary,False
1129,33.66,High,Secondary,True
1130,79.45,Medium,Secondary,False
1131,40.43,Medium,Secondary,True
1132,62.95,Low,Primary,False
1133,44.63,Medium,Secondary,False
1134,68.77,Medium,Secondary,True
1135,39.49,High,Secondary,False
1136,41.2,High,Tertiary,True
1137,58.73,Low,Secondary,True
1138,44.88,Low,Secondary,False
1139,55.99,Low,Tertiary,False
1140,67.58,High,Tertiary,False
1141,61.51,Medium,Tertiary,False
1142,51.83,High,Secondary,True
1143,32.69,Low,Primary,False
1144,64.85,Medium,Tertiary,True
1145,67.56,High,Secondary,False
1146,40.84,High,Tertiary,False
1147,44.59,Medium,Secondary,False
1148,32.9,Low,Secondary,False
1149,65.01,Low,Tertiary,False
1150,63.96,High,Primary,False
1151,44.5,High,Primary,False
1152,60.23,Medium,Tertiary,False
1153,43.14,Medium,Primary,True
1154,40.0,Low,Secondary,False
1155,58.6,Medium,Secondary,True
1156,71.89,Low,Tertiary,False
1157,40.69,Low,Primary,True
1158,42.32,Medium,Tertiary,False
1159,43.3,High,Tertiary,False
1160,79.82,Low,Tertiary,False
1161,30.28,Low,Primary,False
1162,78.92,High,Primary,False
1163,68.88,Medium,Secondary,False
1164,58.39,Low,Secondary,False
1165,75.51,Low,Tertiary,True
1166,78.33,Low,Secondary,True
1167,60.53,Medium,Tertiary,False
1168,31.04,High,Tertiary,True
1169,63.44,Low,Secondary,True
1170,41.22,Medium,Secondary,False
1171,79.45,Medium,Primary,True
1172,66.36,Medium,Secondary,False
1173,47.99,Low,Tertiary,True
1174,41.28,Medium,Tertiary,False
1175,44.55,High,Primary,False
1176,52.06,High,Secondary,True
1177,33.94,High,Secondary,True
1178,75.2,Medium,Tertiary,False
1179,43.8,High,Primary,True
1180,48.24,Medium,Secondary,True
1181,54.2,Medium,Secondary,True
1182,48.07,Low,Secondary,False
1183,69.96,Medium,Secondary,True
1184,54.88,Low,Secondary,False
1185,75.69,High,Primary,True
1186,71.87,Medium,Tertiary,True
1187,67.3,Low,Tertiary,False
1188,68.14,Low,Primary,False
1189,73.28,Low,Tertiary,True
1190,40.23,Low,Secondary,False
1191,57.17,High,Secondary,False
1192,74.84,Low,Secondary,False
1193,59.04,High,Primary,True
1194,53.35,Medium,Tertiary,True
1195,64.75,High,Primary,False
1196,45.7,Medium,Tertiary,True
1197,35.4,Medium,Secondary,False
1198,70.38,Medium,Tertiary,False
1199,46.93,Medium,Secondary,True
1200,39.84,Medium,Primary,False
1201,44.05,Medium,Primary,False
1202,44.6,Medium,Secondary,True
1203,51.48,Low,Tertiary,True
1204,73.25,Low,Tertiary,True
1205,65.38,Medium,Tertiary,True
1206,50.61,Medium,Secondary,False
1207,64.09,Low,Primary,False
1208,43.08,Medium,Secondary,True
1209,57.75,Medium,Secondary,False
1210,36.57,High,Primary,True
1211,35.54,Medium,Primary,True
1212,53.97,Low,Primary,False
1213,36.15,Medium,Primary,False
1214,59.86,High,Primary,True
1215,44.1,Low,Primary,False
1216,53.12,High,Tertiary,False
1217,57.65,Low,Primary,False
1218,67.39,Medium,Secondary,False
1219,56.47,Low,Primary,False
1220,62.94,Low,Primary,False
1221,66.49,Medium,Tertiary,True
1222,32.8,Medium,Secondary,False
1223,40.15,Low,Primary,True
1224,75.63,High,Primary,False
1225,76.1,Medium,Secondary,True
1226,79.66,Medium,Tertiary,False
1227,39.26,Medium,Secondary,True
1228,57.91,Medium,Primary,False
1229,73.74,High,Secondary,False
1230,36.6,Low,Secondary,True
1231,66.3,Low,Secondary,True
1232,36.17,Low,Primary,False
1233,33.08,Low,Secondary,False
1234,67.79,High,Tertiary,True
1235,71.89,High,Tertiary,True
1236,75.08,High,Secondary,True
1237,73.8,High,Secondary,False
1238,54.51,Medium,Primary,True
1239,79.13,High,Tertiary,True
1240,52.12,Medium,Tertiary,False
1241,43.31,Medium,Tertiary,False
1242,39.93,Low,Tertiary,False
1243,56.19,Low,Primary,False
1244,55.35,High,Primary,True
1245,68.44,Low,Secondary,False
1246,52.43,Low,Primary,True
1247,48.45,High,Primary,False
1248,47.15,Low,Tertiary,False
1249,68.37,Low,Tertiary,False
1250,31.68,Low,Primary,True
1251,60.8,Medium,Secondary,True
1252,35.93,Low,Primary,True
1253,61.76,Low,Secondary,False
1254,55.53,Medium,Primary,True
1255,47.69,High,Tertiary,False
1256,57.46,Medium,Secondary,False
1257,76.29,Low,Primary,False
1258,66.72,Medium,Primary,False
1259,77.04,Low,Tertiary,True
1260,75.21,Medium,Primary,False
1261,57.29,High,Secondary,False
1262,66.43,High,Tertiary,False
1263,73.53,Low,Tertiary,False
1264,79.16,High,Tertiary,False
1265,54.03,Low,Secondary,False
1266,47.08,Medium,Secondary,False
1267,39.59,Low,Primary,True
1268,33.69,Low,Tertiary,True
1269,49.37,High,Secondary,False
1270,54.38,Low,Tertiary,True
1271,67.38,Medium,Primary,False
1272,37.61,High,Primary,False
1273,38.15,High,Tertiary,True
1274,62.35,Medium,Primary,True
1275,60.29,High,Primary,False
1276,31.83,Low,Primary,False
1277,31.16,Medium,Tertiary,True
1278,45.62,Medium,Secondary,False
1279,58.02,Medium,Secondary,True
1280,42.03,Medium,Secondary,True
1281,65.33,Low,Tertiary,False
1282,55.34,Low,Secondary,False
1283,76.44,Medium,Secondary,True
1284,50.11,Low,Secondary,True
1285,36.77,Medium,Secondary,False
1286,45.21,Medium,Tertiary,False
1287,78.68,Medium,Tertiary,False
1288,50.22,High,Primary,True
1289,52.57,Low,Primary,True
1290,79.75,High,Primary,True
1291,79.86,High,Secondary,True
1292,63.07,High,Secondary,True
1293,53.06,Medium,Secondary,False
1294,62.22,High,Tertiary,False
1295,54.03,High,Primary,False
1296,42.8,High,Primary,True
1297,62.79,High,Tertiary,True
1298,67.44,High,Primary,False
1299,69.86,Low,Tertiary,False
1300,75.09,Low,Secondary,True
1301,77.58,Low,Primary,False
1302,59.61,High,Primary,True
1303,33.4,Medium,Primary,True
1304,59.45,Medium,Secondary,True
1305,60.1,Low,Secondary,True
1306,60.56,Medium,Secondary,True
1307,50.18,Medium,Tertiary,False
1308,63.42,Medium,Primary,True
1309,48.49,Low,Secondary,False
1310,68.21,High,Tertiary,False
1311,70.01,Medium,Tertiary,True
1312,38.27,High,Secondary,True
1313,50.05,Medium,Tertiary,True
1314,75.19,Medium,Tertiary,True
1315,30.41,Low,Tertiary,True
1316,74.66,Low,Secondary,False
1317,60.22,Medium,Secondary,False
1318,40.91,Medium,Primary,False
1319,34.04,Medium,Tertiary,False
1320,51.24,Low,Primary,True
1321,64.92,High,Primary,True
1322,64.07,High,Primary,True
1323,69.06,High,Tertiary,False
1324,77.09,Medium,Secondary,True
1325,70.56,High,Primary,False
1326,73.6,Low,Tertiary,False
1327,66.61,Low,Secondary,True
1328,61.28,Medium,Primary,False
1329,69.08,Medium,Tertiary,True
1330,51.21,High,Primary,True
1331,39.44,Medium,Tertiary,True
1332,32.02,High,Secondary,False
1333,71.47,Low,Tertiary,False
1334,55.36,Low,Secondary,False
1335,52.37,High,Secondary,False
1336,51.92,Medium,Primary,True
1337,77.07,High,Secondary,True
1338,71.27,Low,Primary,False
1339,36.82,High,Secondary,True
1340,54.37,Medium,Primary,False
1341,45.26,Medium,Tertiary,False
1342,65.8,Low,Tertiary,True
1343,54.31,Medium,Secondary,False
1344,70.73,High,Tertiary,True
1345,72.99,High,Secondary,False
1346,32.83,Medium,Secondary,True
1347,75.84,High,Primary,True
1348,56.23,High,Secondary,True
1349,67.77,Low,Primary,True
1350,39.79,Medium,Secondary,True
1351,58.9,Low,Tertiary,True
1352,46.38,Medium,Secondary,False
1353,49.48,Medium,Primary,True
1354,70.88,Low,Secondary,False
1355,50.76,Low,Secondary,False
1356,65.35,Low,Secondary,False
1357,37.83,Medium,Secondary,True
1358,68.82,Medium,Primary,False
1359,74.72,Medium,Primary,True
1360,47.31,Low,Secondary,True
1361,59.97,Medium,Tertiary,True
1362,49.67,High,Secondary,False
1363,67.08,High,Primary,True
1364,72.36,High,Primary,False
1365,63.73,High,Tertiary,True
1366,70.47,High,Primary,False
1367,74.32,Medium,Primary,True
1368,37.19,Low,Secondary,True
1369,71.34,Medium,Primary,False
1370,30.19,Medium,Tertiary,True
1371,79.06,High,Primary,False
1372,79.54,High,Tertiary,True
1373,69.01,High,Secondary,True
1374,73.8,High,Primary,True
1375,56.2,Medium,Primary,False
1376,38.1,Medium,Tertiary,False
1377,42.96,Medium,Primary,True
1378,58.95,Low,Tertiary,False
1379,58.27,Medium,Secondary,False
1380,33.37,Medium,Secondary,True
1381,60.49,Medium,Primary,True
1382,40.97,Low,Secondary,True
1383,64.29,High,Secondary,False
1384,75.89,Low,Tertiary,True
1385,70.04,Low,Tertiary,False
1386,39.49,High,Tertiary,False
1387,59.1,High,Tertiary,True
1388,57.8,Low,Primary,True
1389,59.43,High,Tertiary,True
1390,39.94,Medium,Primary,True
1391,65.2,High,Primary,False
1392,56.33,High,Tertiary,False
1393,63.9,Medium,Secondary,False
1394,48.17,Medium,Tertiary,False
1395,59.21,High,Primary,False
1396,39.2,Low,Tertiary,False
1397,35.68,Medium,Tertiary,False
1398,79.33,Medium,Secondary,False
1399,61.31,High,Tertiary,True
1400,42.92,High,Primary,False
1401,55.23,Low,Primary,False
1402,47.42,High,Secondary,False
1403,76.89,Medium,Primary,True
1404,49.07,Low,Tertiary,False
1405,38.07,Low,Tertiary,True
1406,36.61,Medium,Primary,False
1407,30.23,High,Primary,False
1408,35.05,Medium,Tertiary,False
1409,62.48,Low,Tertiary,False
1410,67.57,Low,Secondary,True
1411,51.07,Medium,Primary,True
1412,59.05,Low,Primary,False
1413,52.43,High,Primary,False
1414,61.42,Medium,Secondary,False
1415,61.87,Medium,Primary,True
1416,46.99,Low,Secondary,False
1417,36.4,High,Primary,False
1418,41.29,Low,Tertiary,True
1419,45.11,Low,Primary,True
1420,71.09,Low,Secondary,False
1421,76.44,Low,Secondary,True
1422,71.96,Low,Primary,True
1423,32.64,Low,Primary,False
1424,54.26,Medium,Secondary,False
1425,75.02,Medium,Primary,False
1426,75.52,Low,Tertiary,True
1427,67.79,Medium,Tertiary,False
1428,45.36,Low,Tertiary,False
1429,43.06,Medium,Secondary,True
1430,51.17,Medium,Primary,False
1431,55.18,Low,Tertiary,False
1432,34.58,Medium,Secondary,True
1433,78.97,High,Secondary,True
1434,49.78,High,Secondary,False
1435,71.0,Medium,Primary,True
1436,62.47,Low,Primary,False
1437,41.55,High,Secondary,True
1438,40.56,High,Tertiary,False
1439,55.22,Low,Primary,True
1440,49.63,Medium,Secondary,True
1441,65.38,Low,Primary,False
1442,49.02,High,Tertiary,True
1443,51.88,High,Primary,True
1444,66.94,Low,Primary,False
1445,46.24,High,Primary,True
1446,62.8,Medium,Secondary,False
1447,52.37,High,Tertiary,True
1448,40.39,High,Primary,True
1449,40.8,Medium,Secondary,True
1450,77.79,Medium,Secondary,True
1451,44.33,Medium,Tertiary,True
1452,70.76,Medium,Tertiary,False
1453,43.51,Medium,Tertiary,False
1454,53.59,High,Secondary,True
1455,65.51,Medium,Secondary,False
1456,57.11,Medium,Secondary,True
1457,30.09,Low,Tertiary,True
1458,30.28,Medium,Primary,False
1459,40.52,Low,Primary,True
1460,61.29,High,Tertiary,False
1461,54.6,Low,Tertiary,True
1462,47.75,Low,Primary,True
1463,62.15,Medium,Primary,False
1464,51.23,High,Tertiary,True
1465,33.22,Medium,Primary,False
1466,53.6,Medium,Tertiary,True
1467,51.29,High,Secondary,True
1468,44.62,Medium,Primary,False
1469,67.78,High,Tertiary,False
1470,41.24,Medium,Primary,True
1471,55.65,Low,Secondary,False
1472,38.18,High,Secondary,False
1473,71.39,Low,Primary,True
1474,65.35,High,Secondary,True
1475,36.67,High,Primary,False
1476,51.24,High,Primary,True
1477,76.91,High,Primary,False
1478,66.93,Medium,Tertiary,False
1479,44.98,Medium,Tertiary,False
1480,60.98,Low,Primary,True
1481,59.2,Medium,Secondary,True
1482,31.33,Medium,Secondary,True
1483,32.65,High,Primary,False
1484,36.56,Low,Secondary,True
1485,72.76,High,Tertiary,True
1486,53.45,Low,Secondary,True
1487,47.11,High,Primary,False
1488,77.75,Low,Secondary,False
1489,51.12,Low,Primary,False
1490,31.13,Medium,Tertiary,True
1491,50.88,High,Primary,False
1492,78.43,Medium,Secondary,True
1493,51.64,High,Primary,False
1494,40.44,Medium,Secondary,False
1495,38.15,Low,Secondary,False
1496,32.6,Low,Primary,True
1497,48.46,Low,Secondary,False
1498,34.72,Medium,Primary,True
1499,62.03,Medium,Secondary,True
1500,52.94,High,Secondary,True
1501,40.86,Medium,Secondary,False
1502,43.92,Medium,Primary,True
1503,31.26,Medium,Tertiary,True
1504,55.15,High,Primary,True
1505,67.3,Low,Primary,True
1506,71.42,Medium,Primary,True
1507,53.58,Medium,Primary,True
1508,51.84,Medium,Secondary,False
1509,51.25,Medium,Secondary,True
1510,71.71,Medium,Primary,False
1511,65.15,Medium,Secondary,False
1512,37.76,Medium,Secondary,False
1513,43.54,Medium,Primary,True
1514,44.04,High,Primary,False
1515,52.18,Medium,Primary,True
1516,45.16,High,Tertiary,True
1517,70.91,Medium,Secondary,False
1518,70.75,High,Primary,True
1519,68.4,Medium,Primary,False
1520,50.17,Low,Primary,True
1521,42.11,High,Tertiary,True
1522,37.94,Low,Tertiary,False
1523,77.32,Medium,Tertiary,False
1524,70.81,Medium,Tertiary,True
1525,30.91,Low,Tertiary,True
1526,63.51,High,Tertiary,True
1527,36.34,High,Primary,True
1528,57.87,Medium,Secondary,True
1529,51.34,Medium,Primary,False
1530,34.26,Medium,Primary,True
1531,43.32,High,Tertiary,True
1532,32.94,Low,Secondary,False
1533,57.33,Medium,Tertiary,False
1534,58.33,Low,Secondary,False
1535,31.4,Medium,Primary,False
1536,38.26,Low,Primary,True
1537,40.9,High,Tertiary,False
1538,62.74,Medium,Primary,True
1539,56.03,Medium,Tertiary,False
1540,59.14,Low,Secondary,False
1541,74.15,Low,Primary,True
1542,43.64,High,Tertiary,True
1543,41.64,Medium,Primary,True
1544,48.52,Low,Secondary,False
1545,77.19,Low,Tertiary,True
1546,48.95,Low,Primary,False
1547,64.35,High,Secondary,True
1548,60.81,Low,Secondary,True
1549,35.44,Medium,Tertiary,True
1550,56.97,Low,Tertiary,True
1551,65.02,High,Primary,True
1552,44.32,Medium,Primary,False
1553,42.19,Medium,Secondary,False
1554,57.13,Low,Tertiary,True
1555,32.21,High,Secondary,False
1556,59.78,Medium,Secondary,False
1557,32.37,Medium,Secondary,True
1558,50.87,Medium,Tertiary,False
1559,50.23,High,Primary,False
1560,50.21,Low,Primary,False
1561,36.85,Low,Tertiary,False
1562,62.06,High,Tertiary,False
1563,54.84,Medium,Secondary,False
1564,34.79,Medium,Primary,False
1565,31.05,Medium,Primary,False
1566,50.38,High,Secondary,True
1567,40.02,Medium,Secondary,True
1568,77.72,Low,Tertiary,False
1569,40.61,Medium,Primary,False
1570,51.57,Low,Tertiary,True
1571,76.87,Medium,Primary,True
1572,77.55,Low,Tertiary,False
1573,65.82,High,Primary,False
1574,31.53,Low,Tertiary,True
1575,63.72,Low,Secondary,False
1576,59.12,Low,Secondary,False
1577,77.57,High,Tertiary,True
1578,56.04,Low,Secondary,False
1579,39.94,Medium,Primary,True
1580,58.6,Medium,Primary,True
1581,64.71,High,Primary,True
1582,51.1,Medium,Primary,True
1583,58.13,High,Secondary,True
1584,33.26,Medium,Tertiary,False
1585,38.38,High,Primary,False
1586,51.9,High,Tertiary,True
1587,71.48,High,Tertiary,False
1588,75.67,Medium,Tertiary,False
1589,67.13,Medium,Secondary,True
1590,46.17,Medium,Tertiary,False
1591,40.08,High,Tertiary,True
1592,61.73,Low,Secondary,True
1593,78.83,Medium,Secondary,False
1594,63.72,High,Tertiary,True
1595,79.91,Medium,Secondary,True
1596,59.97,Low,Tertiary,True
1597,52.64,High,Secondary,True
1598,56.15,Medium,Secondary,False
1599,44.88,Low,Tertiary,False
1600,72.14,High,Primary,False
1601,75.46,Low,Primary,True
1602,67.88,Low,Tertiary,True
1603,52.45,Medium,Tertiary,False
1604,79.34,Low,Primary,True
1605,31.16,Medium,Secondary,True
1606,66.04,High,Secondary,True
1607,63.82,Medium,Tertiary,True
1608,75.24,Medium,Tertiary,False
1609,55.98,Low,Tertiary,False
1610,42.5,High,Tertiary,True
1611,48.47,Low,Primary,True
1612,55.53,Medium,Tertiary,False
1613,54.62,High,Secondary,False
1614,73.01,Medium,Secondary,True
1615,34.07,High,Secondary,False
1616,73.35,Medium,Tertiary,True
1617,48.0,High,Tertiary,True
1618,63.4,Medium,Secondary,True
1619,72.94,Low,Primary,False
1620,75.43,High,Tertiary,True
1621,52.55,Medium,Secondary,False
1622,67.31,Medium,Secondary,True
1623,62.44,Medium,Tertiary,False
1624,33.73,High,Tertiary,False
1625,41.34,Low,Primary,False
1626,32.67,High,Secondary,False
1627,77.51,High,Tertiary,False
1628,71.95,Medium,Primary,True
1629,59.77,Low,Primary,False
1630,69.32,Low,Primary,True
1631,68.05,Medium,Secondary,False
1632,69.91,High,Secondary,False
1633,59.95,High,Primary,False
1634,34.53,Medium,Primary,False
1635,41.77,Medium,Secondary,False
1636,75.72,Medium,Secondary,True
1637,67.42,Low,Secondary,True
1638,44.24,Low,Tertiary,False
1639,61.36,High,Primary,True
1640,69.85,Low,Secondary,False
1641,43.24,Medium,Primary,False
1642,76.46,High,Secondary,True
1643,38.45,High,Secondary,False
1644,78.54,Low,Primary,False
1645,63.45,High,Tertiary,False
1646,64.26,Medium,Primary,False
1647,54.55,Low,Primary,False
1648,77.24,Medium,Tertiary,False
1649,55.89,Medium,Primary,False
1650,41.44,High,Secondary,True
1651,70.48,Medium,Tertiary,False
1652,73.18,Low,Secondary,True
1653,69.54,High,Secondary,True
1654,44.26,Low,Tertiary,False
1655,46.27,High,Secondary,True
1656,78.06,High,Primary,False
1657,52.12,Low,Primary,True
1658,74.29,High,Primary,True
1659,58.97,High,Primary,False
1660,44.61,Medium,Secondary,False
1661,67.92,Medium,Tertiary,True
1662,41.08,Medium,Primary,False
1663,69.4,High,Primary,False
1664,45.72,High,Tertiary,False
1665,49.82,Low,Secondary,True
1666,67.76,Medium,Primary,False
1667,39.45,High,Secondary,False
1668,73.52,Medium,Primary,False
1669,66.49,High,Secondary,True
1670,60.49,High,Secondary,True
1671,66.66,Medium,Tertiary,False
1672,63.91,Low,Secondary,False
1673,45.42,Medium,Primary,True
1674,45.91,Low,Tertiary,False
1675,31.1,High,Tertiary,False
1676,76.34,Low,Secondary,True
1677,57.25,High,Secondary,True
1678,54.47,Medium,Tertiary,False
1679,59.7,Low,Primary,False
1680,72.61,Low,Primary,True
1681,31.64,Medium,Primary,False
1682,45.31,Medium,Primary,False
1683,30.58,Medium,Tertiary,True
1684,43.22,Medium,Secondary,False
1685,64.26,Low,Secondary,False
1686,60.06,Medium,Tertiary,True
1687,49.29,Low,Primary,False
1688,37.33,High,Tertiary,False
1689,77.76,Low,Tertiary,True
1690,54.46,Low,Tertiary,False
1691,40.81,High,Primary,False
1692,79.75,High,Secondary,False
1693,32.16,Medium,Secondary,False
1694,44.62,Low,Secondary,False
1695,52.7,Medium,Secondary,True
1696,77.13,Low,Secondary,False
1697,30.85,High,Tertiary,True
1698,42.42,High,Tertiary,True
1699,41.37,Medium,Secondary,False
1700,37.76,Medium,Primary,True
1701,40.6,Low,Tertiary,True
1702,36.76,High,Primary,False
1703,43.74,High,Tertiary,True
1704,61.95,High,Tertiary,False
1705,53.37,Medium,Secondary,True
1706,60.04,Medium,Secondary,True
1707,45.42,Low,Secondary,False
1708,52.14,Low,Primary,False
1709,40.88,Medium,Secondary,True
1710,50.28,Low,Primary,False
1711,62.63,Low,Tertiary,False
1712,31.56,Medium,Secondary,False
1713,30.2,Medium,Secondary,True
1714,52.39,Low,Tertiary,True
1715,71.69,Low,Secondary,True
1716,52.42,High,Secondary,False
1717,47.98,High,Secondary,False
1718,69.24,High,Tertiary,True
1719,74.56,High,Tertiary,False
1720,53.43,Medium,Primary,True
1721,37.74,Low,Secondary,False
1722,37.63,Medium,Tertiary,True
1723,30.06,Low,Secondary,True
1724,61.21,Low,Primary,True
1725,74.42,Medium,Secondary,True
1726,74.27,Medium,Secondary,False
1727,56.19,Medium,Secondary,True
1728,50.88,Low,Primary,True
1729,70.66,Medium,Tertiary,True
1730,59.62,Medium,Secondary,False
1731,63.76,Medium,Secondary,False
1732,55.58,Medium,Secondary,True
1733,60.09,Medium,Tertiary,False
1734,61.28,High,Tertiary,True
1735,62.9,High,Primary,False
1736,75.23,Low,Tertiary,False
1737,30.1,High,Primary,False
1738,38.16,Medium,Primary,True
1739,63.35,Low,Tertiary,False
1740,75.55,Low,Primary,False
1741,55.3,Medium,Secondary,True
1742,76.82,Low,Secondary,True
1743,61.18,Medium,Primary,True
1744,66.67,High,Primary,False
1745,35.26,Medium,Primary,False
1746,41.09,Medium,Secondary,True
1747,40.33,Medium,Primary,False
1748,60.42,Low,Secondary,True
1749,79.05,High,Tertiary,True
1750,75.93,Low,Primary,True
1751,56.31,High,Tertiary,False
1752,51.48,Low,Primary,True
1753,37.41,Medium,Secondary,True
1754,69.37,High,Tertiary,True
1755,44.71,High,Primary,False
1756,60.06,Medium,Secondary,False
1757,51.43,Low,Primary,False
1758,35.72,Medium,Primary,False
1759,44.83,High,Secondary,True
1760,35.84,Low,Secondary,True
1761,37.28,Medium,Tertiary,False
1762,62.02,High,Secondary,True
1763,35.67,Medium,Secondary,True
1764,61.34,Medium,Secondary,False
1765,47.03,Low,Tertiary,False
1766,60.15,High,Secondary,True
1767,45.44,Low,Primary,False
1768,74.54,Low,Secondary,True
1769,31.93,Medium,Tertiary,True
1770,60.15,Medium,Primary,False
1771,30.46,Medium,Secondary,False
1772,32.8,Low,Primary,False
1773,58.35,Low,Primary,False
1774,60.55,High,Primary,False
1775,69.29,High,Secondary,False
1776,62.15,High,Secondary,False
1777,53.14,High,Secondary,True
1778,46.61,Low,Primary,False
1779,37.34,Low,Primary,False
1780,78.33,High,Primary,False
1781,65.64,Medium,Tertiary,True
1782,30.8,Medium,Tertiary,False
1783,71.85,High,Primary,False
1784,76.08,High,Secondary,False
1785,64.59,Low,Tertiary,False
1786,30.11,High,Secondary,True
1787,45.4,Medium,Secondary,True
1788,71.27,High,Secondary,True
1789,66.71,High,Tertiary,False
1790,76.37,High,Secondary,False
1791,46.44,Low,Secondary,False
1792,36.62,Medium,Tertiary,False
1793,55.59,Medium,Primary,False
1794,33.13,High,Tertiary,False
1795,77.68,High,Tertiary,True
1796,57.35,Medium,Secondary,True
1797,30.73,Low,Tertiary,True
1798,48.37,High,Primary,False
1799,62.79,Medium,Primary,False
1800,44.81,High,Primary,False
1801,75.14,Low,Primary,False
1802,57.15,Low,Tertiary,True
1803,33.27,Low,Secondary,True
1804,52.6,Low,Tertiary,False
1805,67.58,Medium,Primary,True
1806,35.54,High,Secondary,False
1807,52.63,High,Secondary,False
1808,53.79,Medium,Tertiary,True
1809,43.58,Medium,Tertiary,True
1810,71.71,High,Primary,True
1811,40.8,Medium,Tertiary,True
1812,46.31,Low,Secondary,True
1813,51.71,Low,Primary,False
1814,31.89,High,Tertiary,True
1815,48.82,Low,Secondary,True
1816,69.5,Low,Secondary,True
1817,36.31,High,Tertiary,True
1818,55.27,Medium,Secondary,True
1819,41.43,Low,Secondary,False
1820,69.49,High,Tertiary,True
1821,52.01,Medium,Primary,True
1822,49.26,Medium,Tertiary,True
1823,66.41,Low,Secondary,False
1824,41.36,Low,Tertiary,False
1825,62.09,Low,Primary,True
1826,77.13,High,Primary,True
1827,68.08,Medium,Tertiary,True
1828,43.15,Medium,Primary,True
1829,41.75,Medium,Primary,False
1830,53.24,Low,Secondary,False
1831,67.16,Low,Tertiary,True
1832,54.25,High,Tertiary,False
1833,75.42,High,Tertiary,True
1834,48.05,High,Tertiary,True
1835,51.91,Medium,Tertiary,False
1836,59.63,High,Primary,False
1837,39.85,High,Secondary,True
1838,72.74,Low,Tertiary,True
1839,62.39,Medium,Primary,True
1840,45.37,Low,Primary,False
1841,42.17,Medium,Secondary,False
1842,61.36,High,Tertiary,True
1843,70.14,Low,Tertiary,True
1844,39.24,High,Secondary,False
1845,47.56,High,Secondary,True
1846,30.37,Low,Secondary,True
1847,31.0,Medium,Primary,True
1848,57.21,Low,Secondary,False
1849,43.52,High,Secondary,False
1850,45.65,Medium,Primary,False
1851,78.25,High,Tertiary,True
1852,54.05,Low,Secondary,True
1853,67.54,High,Secondary,True
1854,43.33,Medium,Tertiary,True
1855,56.53,High,Secondary,False
1856,56.98,Low,Secondary,True
1857,76.11,Medium,Primary,False
1858,79.09,High,Primary,False
1859,30.48,Medium,Secondary,True
1860,32.26,High,Tertiary,True
1861,37.57,Low,Secondary,True
1862,60.5,High,Tertiary,True
1863,68.81,Low,Secondary,True
1864,74.79,High,Tertiary,True
1865,61.08,High,Secondary,True
1866,61.16,Medium,Primary,False
1867,36.62,High,Primary,False
1868,36.77,Medium,Tertiary,False
1869,31.39,High,Secondary,False
1870,65.18,High,Tertiary,False
1871,62.09,Low,Secondary,True
1872,72.97,Low,Tertiary,False
1873,63.88,Medium,Primary,True
1874,67.55,Low,Secondary,True
1875,36.0,High,Secondary,False
1876,62.36,Medium,Tertiary,False
1877,76.19,Low,Tertiary,False
1878,33.68,Low,Secondary,False
1879,78.28,Low,Primary,True
1880,34.69,Low,Secondary,False
1881,39.75,Low,Primary,True
1882,71.22,High,Secondary,False
1883,38.93,Medium,Secondary,False
1884,48.5,High,Secondary,True
1885,65.18,Low,Tertiary,True
1886,44.18,Medium,Primary,False
1887,77.36,Medium,Primary,True
1888,40.75,Medium,Tertiary,False
1889,73.54,Low,Tertiary,True
1890,51.26,Low,Secondary,False
1891,35.46,Medium,Tertiary,True
1892,72.63,Low,Tertiary,False
1893,60.6,Low,Secondary,False
1894,75.56,High,Secondary,True
1895,68.63,Low,Primary,True
1896,43.96,High,Primary,False
1897,56.91,Medium,Secondary,False
1898,70.87,High,Tertiary,True
1899,56.5,Medium,Tertiary,False
1900,52.41,Low,Primary,True
1901,60.82,High,Tertiary,True
1902,44.24,High,Primary,False
1903,59.37,High,Primary,False
1904,63.84,High,Secondary,True
1905,48.96,Low,Tertiary,True
1906,39.03,High,Primary,False
1907,31.97,Low,Primary,False
1908,77.92,High,Tertiary,True
1909,75.56,Medium,Tertiary,True
1910,49.84,Low,Primary,False
1911,41.71,Medium,Primary,False
1912,44.16,High,Secondary,True
1913,43.9,High,Primary,True
1914,69.27,Medium,Primary,True
1915,44.04,Medium,Tertiary,False
1916,42.13,High,Tertiary,True
1917,67.85,Low,Primary,True
1918,46.16,Medium,Primary,False
1919,63.28,High,Tertiary,True
1920,66.33,Medium,Tertiary,True
1921,64.46,Low,Tertiary,True
1922,34.69,Medium,Primary,True
1923,70.84,High,Tertiary,True
1924,73.58,Medium,Primary,True
1925,71.61,Low,Secondary,True
1926,60.69,Low,Tertiary,False
1927,58.96,Medium,Secondary,True
1928,45.9,Low,Primary,False
1929,44.85,High,Tertiary,False
1930,55.92,High,Secondary,False
1931,64.98,High,Secondary,False
1932,59.56,High,Primary,True
1933,69.09,Low,Secondary,False
1934,77.52,Medium,Tertiary,False
1935,60.84,High,Tertiary,True
1936,71.63,High,Secondary,False
1937,47.71,Medium,Tertiary,False
1938,39.46,Medium,Tertiary,True
1939,39.1,High,Secondary,False
1940,58.31,Medium,Tertiary,False
1941,46.29,Low,Tertiary,False
1942,55.64,Low,Secondary,True
1943,44.32,Low,Secondary,True
1944,44.31,Medium,Tertiary,False
1945,61.54,Low,Primary,True
1946,46.01,Low,Tertiary,False
1947,31.61,Low,Primary,True
1948,73.85,High,Secondary,True
1949,35.4,High,Secondary,True
1950,47.41,Low,Primary,False
1951,55.6,Medium,Secondary,True
1952,51.07,Low,Primary,True
1953,68.91,High,Tertiary,False
1954,39.32,High,Tertiary,False
1955,74.33,Low,Tertiary,False
1956,37.87,Medium,Tertiary,True
1957,52.5,Low,Tertiary,False
1958,67.77,Medium,Secondary,False
1959,53.62,High,Tertiary,False
1960,50.31,Low,Tertiary,False
1961,51.25,High,Tertiary,False
1962,71.49,Low,Secondary,False
1963,60.6,Medium,Secondary,False
1964,72.25,Medium,Secondary,True
1965,75.98,Low,Tertiary,False
1966,56.42,Medium,Secondary,False
1967,58.95,Low,Primary,True
1968,49.52,High,Secondary,True
1969,46.56,Medium,Secondary,True
1970,52.51,High,Secondary,False
1971,54.69,High,Primary,False
1972,43.53,High,Secondary,False
1973,53.26,High,Primary,True
1974,49.28,Medium,Secondary,True
1975,30.62,Medium,Secondary,True
1976,32.95,Low,Secondary,True
1977,61.89,Low,Tertiary,False
1978,34.28,Medium,Secondary,True
1979,78.67,High,Secondary,False
1980,64.7,Medium,Tertiary,False
1981,78.91,Low,Primary,False
1982,75.36,Medium,Primary,True
1983,64.73,High,Tertiary,False
1984,43.0,Medium,Secondary,False
1985,62.27,Medium,Primary,True
1986,52.1,High,Secondary,True
1987,34.25,Medium,Primary,True
1988,70.94,Low,Primary,False
1989,66.95,Low,Tertiary,True
1990,66.41,Medium,Tertiary,False
1991,60.53,Medium,Secondary,True
1992,30.34,Low,Primary,False
1993,71.17,High,Secondary,False
1994,33.45,Medium,Tertiary,False
1995,68.03,Medium,Secondary,True
1996,67.63,High,Primary,False
1997,39.24,High,Primary,False
1998,52.49,Medium,Secondary,True
1999,43.82,Medium,Tertiary,False
2000,58.62,Low,Tertiary,False
2001,62.19,High,Secondary,False
2002,63.13,Medium,Tertiary,True
2003,55.46,Low,Primary,True
2004,72.04,Low,Primary,False
2005,77.03,High,Secondary,True
2006,47.23,Low,Secondary,False
2007,61.0,High,Primary,False
2008,56.76,High,Primary,False
2009,72.99,High,Primary,True
2010,46.81,High,Primary,True
2011,66.22,High,Primary,True
2012,68.37,Low,Secondary,False
2013,78.13,Medium,Tertiary,False
2014,30.15,High,Primary,False
2015,75.37,Low,Primary,True
2016,58.8,Low,Tertiary,True
2017,38.58,High,Primary,False
2018,77.92,High,Tertiary,True
2019,69.6,Medium,Primary,True
2020,33.19,High,Tertiary,True
2021,31.85,Medium,Tertiary,True
2022,59.37,High,Secondary,True
2023,41.21,Medium,Secondary,False
2024,78.66,High,Secondary,False
2025,79.47,High,Secondary,False
2026,77.42,Low,Secondary,False
2027,65.38,High,Primary,False
2028,48.23,Low,Primary,False
2029,48.65,Low,Secondary,True
2030,38.64,Low,Tertiary,True
2031,53.02,Low,Tertiary,True
2032,39.54,High,Tertiary,False
2033,48.72,Medium,Tertiary,False
2034,64.7,Low,Tertiary,True
2035,72.92,Low,Tertiary,False
2036,66.84,Low,Secondary,False
2037,38.88,Low,Primary,False
2038,43.59,Medium,Primary,False
2039,55.77,Low,Primary,False
2040,51.85,Medium,Primary,True
2041,49.16,Low,Tertiary,False
2042,59.86,High,Tertiary,True
2043,31.49,Low,Primary,False
2044,60.96,High,Tertiary,False
2045,42.2,Low,Tertiary,False
2046,50.61,High,Primary,False
2047,52.84,Medium,Tertiary,False
2048,56.9,Medium,Primary,True
2049,52.85,High,Primary,True
2050,64.21,Low,Primary,True
2051,58.0,Low,Primary,False
2052,64.99,Low,Secondary,True
2053,47.37,Medium,Tertiary,False
2054,73.28,Low,Tertiary,False
2055,36.6,Low,Primary,True
2056,37.72,High,Primary,False
2057,77.44,High,Primary,False
2058,67.67,Medium,Primary,True
2059,53.35,Medium,Primary,False
2060,68.88,Medium,Secondary,True
2061,62.38,High,Primary,False
2062,42.71,Low,Secondary,True
2063,49.4,Medium,Secondary,True
2064,57.96,Medium,Secondary,True
2065,59.04,High,Secondary,False
2066,70.67,Low,Primary,True
2067,32.93,Low,Secondary,False
2068,79.13,Low,Secondary,False
2069,48.59,Medium,Primary,True
2070,38.83,Low,Primary,True
2071,45.64,High,Primary,True
2072,69.78,High,Tertiary,False
2073,36.45,Low,Secondary,True
2074,50.31,High,Primary,False
2075,75.72,High,Primary,True
2076,45.48,Low,Primary,True
2077,64.48,Low,Primary,True
2078,73.71,High,Secondary,True
2079,33.35,High,Primary,True
2080,36.14,High,Tertiary,True
2081,61.44,Low,Secondary,True
2082,35.25,Medium,Tertiary,True
2083,34.61,Medium,Secondary,True
2084,34.78,Low,Tertiary,False
2085,68.31,Low,Primary,True
2086,60.0,Low,Secondary,True
2087,70.84,High,Secondary,True
2088,60.26,Medium,Tertiary,True
2089,65.08,High,Tertiary,True
2090,61.2,Low,Primary,False
2091,75.01,High,Secondary,False
2092,64.59,High,Secondary,False
2093,70.66,Medium,Primary,True
2094,46.59,Low,Primary,False
2095,62.97,Low,Secondary,True
2096,68.02,High,Tertiary,False
2097,66.61,Medium,Secondary,True
2098,36.58,Medium,Tertiary,False
2099,63.73,Low,Primary,True
2100,70.87,High,Tertiary,False
2101,57.39,Medium,Tertiary,True
2102,63.03,Medium,Primary,True
2103,49.87,Low,Primary,False
2104,37.59,High,Secondary,False
2105,46.85,Low,Secondary,False
2106,62.79,Low,Primary,True
2107,55.04,High,Secondary,False
2108,50.43,Medium,Secondary,False
2109,35.7,Medium,Tertiary,False
2110,47.91,Low,Tertiary,True
2111,35.88,High,Secondary,True
2112,34.43,High,Secondary,False
2113,66.26,High,Tertiary,True
2114,38.35,Medium,Secondary,True
2115,51.88,High,Primary,True
2116,44.96,High,Primary,True
2117,45.92,Medium,Primary,False
2118,77.16,Medium,Secondary,False
2119,38.3,High,Secondary,True
2120,34.69,High,Secondary,False
2121,55.6,Low,Secondary,True
2122,37.73,High,Tertiary,True
2123,44.3,Medium,Primary,True
2124,44.73,Medium,Tertiary,True
2125,65.34,Low,Primary,True
2126,72.11,Low,Primary,False
2127,39.99,Medium,Secondary,False
2128,38.66,High,Tertiary,False
2129,45.45,Low,Primary,True
2130,61.77,Low,Primary,False
2131,58.97,Low,Tertiary,True
2132,52.71,High,Primary,True
2133,37.29,Medium,Primary,True
2134,74.12,Medium,Secondary,True
2135,50.92,Low,Primary,False
2136,34.08,Medium,Secondary,False
2137,74.57,Medium,Secondary,False
2138,38.76,Medium,Tertiary,False
2139,54.95,Medium,Tertiary,True
2140,72.42,High,Primary,False
2141,56.11,High,Secondary,False
2142,46.6,Medium,Tertiary,True
2143,44.73,Low,Primary,True
2144,59.07,Low,Primary,True
2145,48.72,Low,Primary,False
2146,57.77,Low,Secondary,True
2147,31.52,Low,Tertiary,True
2148,31.72,High,Tertiary,False
2149,67.1,Medium,Primary,True
2150,46.96,Low,Primary,False
2151,38.91,Medium,Tertiary,True
2152,62.15,High,Secondary,False
2153,43.01,Medium,Secondary,False
2154,50.05,Medium,Tertiary,True
2155,54.25,Medium,Secondary,False
2156,43.85,Medium,Tertiary,False
2157,55.91,High,Tertiary,False
2158,32.65,Low,Primary,False
2159,75.81,Low,Tertiary,True
2160,67.29,Low,Primary,False
2161,71.58,Medium,Tertiary,False
2162,38.74,Low,Tertiary,False
2163,51.67,Low,Secondary,True
2164,42.75,Low,Secondary,True
2165,57.88,Medium,Primary,False
2166,69.3,High,Primary,False
2167,44.72,Low,Primary,True
2168,79.12,Medium,Tertiary,False
2169,50.56,Low,Secondary,False
2170,37.72,Low,Primary,False
2171,60.94,Medium,Tertiary,True
2172,44.92,Low,Primary,False
2173,60.31,Medium,Tertiary,True
2174,63.14,High,Secondary,True
2175,62.48,High,Secondary,False
2176,39.05,Low,Tertiary,True
2177,65.07,Low,Primary,False
2178,76.02,Low,Secondary,True
2179,32.57,Low,Tertiary,False
2180,30.2,Low,Tertiary,True
2181,34.48,Medium,Secondary,True
2182,78.78,High,Tertiary,True
2183,68.93,Medium,Tertiary,False
2184,56.82,Low,Primary,True
2185,40.49,High,Tertiary,False
2186,67.44,Low,Tertiary,False
2187,35.25,Medium,Tertiary,True
2188,73.96,Medium,Primary,False
2189,45.45,High,Primary,True
2190,79.59,Medium,Primary,False
2191,44.96,High,Primary,True
2192,63.83,High,Tertiary,True
2193,32.29,Medium,Tertiary,True
2194,33.7,Medium,Tertiary,True
2195,31.46,High,Secondary,False
2196,38.12,High,Primary,False
2197,36.57,Low,Secondary,False
2198,34.34,High,Secondary,False
2199,50.01,Medium,Secondary,False
2200,31.41,Low,Secondary,False
2201,30.13,Medium,Secondary,True
2202,34.9,High,Secondary,False
2203,49.63,High,Primary,False
2204,48.44,High,Primary,False
2205,60.73,High,Tertiary,True
2206,72.27,Low,Primary,True
2207,77.45,High,Tertiary,False
2208,40.23,Medium,Secondary,False
2209,63.01,High,Primary,False
2210,66.11,Medium,Tertiary,True
2211,73.68,High,Tertiary,True
2212,76.98,Low,Primary,True
2213,74.19,High,Tertiary,True
2214,73.9,Low,Tertiary,True
2215,39.66,High,Primary,False
2216,53.05,Low,Primary,True
2217,54.34,High,Primary,True
2218,52.85,Low,Primary,True
2219,37.6,High,Secondary,True
2220,32.3,High,Tertiary,True
2221,51.56,Low,Primary,True
2222,30.87,Low,Tertiary,True
2223,70.26,Medium,Primary,False
2224,64.78,Medium,Secondary,True
2225,56.79,Medium,Tertiary,True
2226,52.44,Low,Tertiary,True
2227,67.8,High,Tertiary,True
2228,74.93,Medium,Tertiary,False
2229,41.0,High,Secondary,False
2230,70.27,Medium,Tertiary,True
2231,42.0,High,Primary,False
2232,44.09,High,Tertiary,True
2233,53.64,Medium,Primary,True
2234,73.45,Medium,Secondary,False
2235,64.44,Low,Secondary,False
2236,64.99,Low,Primary,True
2237,49.01,Low,Secondary,True
2238,45.4,Medium,Secondary,True
2239,56.37,Low,Primary,True
2240,39.92,Low,Primary,False
2241,38.8,High,Primary,True
2242,51.96,Medium,Primary,True
2243,36.19,Low,Tertiary,True
2244,68.14,High,Secondary,False
2245,68.76,High,Primary,False
2246,68.66,High,Secondary,True
2247,59.59,High,Secondary,True
2248,46.5,Medium,Primary,True
2249,46.13,Medium,Tertiary,True
2250,57.49,High,Tertiary,True
2251,41.6,High,Secondary,False
2252,54.74,High,Primary,True
2253,35.29,Low,Secondary,True
2254,54.52,Low,Secondary,False
2255,64.34,High,Tertiary,False
2256,55.89,High,Primary,True
2257,43.83,Medium,Secondary,False
2258,49.56,High,Tertiary,False
2259,48.95,High,Primary,True
2260,77.65,High,Tertiary,False
2261,51.18,Medium,Tertiary,False
2262,57.39,High,Secondary,True
2263,33.95,Medium,Secondary,True
2264,33.92,High,Secondary,True
2265,31.31,Low,Secondary,True
2266,58.93,Low,Secondary,False
2267,74.23,Low,Primary,False
2268,30.94,Low,Secondary,False
2269,48.51,Low,Secondary,False
2270,44.63,High,Primary,True
2271,56.68,Low,Primary,True
2272,31.08,Low,Tertiary,True
2273,62.82,Medium,Tertiary,False
2274,70.05,Low,Primary,False
2275,70.02,Low,Primary,True
2276,52.57,Medium,Tertiary,True
2277,42.73,Medium,Primary,False
2278,79.15,Medium,Tertiary,True
2279,38.64,Low,Secondary,False
2280,61.43,Medium,Primary,True
2281,62.12,Medium,Secondary,True
2282,59.36,Low,Secondary,True
2283,52.04,High,Tertiary,True
2284,60.86,Medium,Primary,True
2285,35.61,High,Secondary,True
2286,50.85,High,Tertiary,False
2287,35.35,Medium,Secondary,False
2288,30.56,Medium,Secondary,True
2289,54.31,Medium,Primary,False
2290,62.75,Medium,Primary,False
2291,60.99,High,Secondary,True
2292,64.24,Low,Secondary,True
2293,58.07,Medium,Primary,False
2294,51.09,Medium,Primary,False
2295,47.84,Low,Tertiary,False
2296,33.46,Medium,Tertiary,True
2297,37.56,Medium,Tertiary,False
2298,79.75,High,Primary,True
2299,32.38,Medium,Secondary,False
2300,43.27,Low,Primary,False
2301,36.67,High,Tertiary,False
2302,64.37,Medium,Primary,False
2303,72.9,Medium,Primary,True
2304,38.88,High,Primary,True
2305,36.64,High,Primary,True
2306,76.89,High,Tertiary,True
2307,63.74,Low,Primary,True
2308,73.52,Low,Primary,False
2309,32.35,Medium,Primary,False
2310,48.44,Low,Primary,False
2311,78.76,High,Secondary,False
2312,65.47,Medium,Secondary,True
2313,72.46,Medium,Tertiary,False
2314,35.62,High,Tertiary,False
2315,54.97,Medium,Primary,False
2316,73.51,High,Tertiary,False
2317,56.17,Low,Primary,False
2318,56.82,Low,Primary,True
2319,50.64,Low,Primary,True
2320,44.82,Medium,Primary,False
2321,45.55,Medium,Secondary,False
2322,72.19,Low,Tertiary,False
2323,79.54,Low,Primary,True
2324,58.08,Medium,Tertiary,True
2325,71.97,Low,Primary,False
2326,64.11,Medium,Secondary,True
2327,64.75,Low,Primary,True
2328,47.14,High,Tertiary,True
2329,61.82,Medium,Primary,False
2330,59.81,Low,Tertiary,True
2331,43.48,Low,Secondary,True
2332,78.78,Low,Primary,True
2333,78.04,Low,Secondary,True
2334,38.85,Low,Secondary,False
2335,73.88,Medium,Secondary,False
2336,51.03,Medium,Primary,True
2337,76.07,Low,Tertiary,True
2338,47.26,High,Secondary,True
2339,35.72,Low,Tertiary,True
2340,68.94,High,Secondary,True
2341,66.08,High,Tertiary,False
2342,51.73,Low,Secondary,False
2343,75.63,Low,Secondary,True
2344,62.81,High,Secondary,True
2345,61.94,High,Secondary,False
2346,78.07,Medium,Secondary,False
2347,59.44,Low,Primary,False
2348,51.53,Medium,Secondary,False
2349,33.25,High,Secondary,True
2350,60.04,High,Secondary,False
2351,39.72,Medium,Secondary,True
2352,32.6,Medium,Tertiary,True
2353,48.01,High,Secondary,True
2354,45.26,High,Tertiary,False
2355,66.52,High,Tertiary,True
2356,45.14,Medium,Tertiary,True
2357,38.45,High,Tertiary,False
2358,65.4,High,Primary,True
2359,32.64,Medium,Primary,True
2360,30.56,Medium,Secondary,False
2361,57.77,Medium,Tertiary,True
2362,38.72,Low,Tertiary,True
2363,74.32,High,Secondary,True
2364,43.3,Medium,Tertiary,True
2365,33.25,Medium,Secondary,False
2366,56.46,Low,Primary,True
2367,78.99,Medium,Tertiary,False
2368,39.75,High,Tertiary,True
2369,57.84,High,Tertiary,False
2370,53.45,Low,Primary,True
2371,41.67,Medium,Secondary,False
2372,79.14,Low,Tertiary,False
2373,63.92,Low,Secondary,False
2374,45.99,High,Tertiary,True
2375,53.51,Medium,Tertiary,True
2376,55.65,Medium,Primary,True
2377,67.26,Low,Tertiary,False
2378,45.86,Low,Secondary,False
2379,70.51,High,Primary,False
2380,67.43,Low,Primary,True
2381,53.01,Low,Secondary,False
2382,58.56,High,Primary,True
2383,42.85,Low,Tertiary,True
2384,47.8,High,Primary,True
2385,33.78,Medium,Tertiary,True
2386,54.42,High,Primary,False
2387,35.53,High,Secondary,True
2388,63.29,Low,Secondary,False
2389,30.99,Medium,Secondary,True
2390,69.54,Medium,Secondary,True
2391,50.03,Low,Primary,False
2392,66.98,Medium,Secondary,False
2393,69.72,Low,Tertiary,True
2394,40.07,Low,Primary,True
2395,76.55,High,Secondary,True
2396,74.56,Medium,Tertiary,True
2397,56.48,High,Tertiary,False
2398,75.66,Low,Secondary,True
2399,41.57,Medium,Primary,False
2400,63.74,Medium,Primary,False
2401,38.66,Low,Tertiary,True
2402,60.86,Low,Primary,False
2403,48.26,Low,Primary,False
2404,56.39,Medium,Tertiary,False
2405,43.94,High,Primary,False
2406,73.67,Low,Primary,True
2407,62.35,Medium,Secondary,False
2408,34.61,Medium,Primary,True
2409,41.72,Low,Primary,True
2410,37.87,Low,Tertiary,False
2411,44.41,Low,Secondary,False
2412,64.29,High,Secondary,True
2413,59.22,High,Secondary,False
2414,44.11,High,Primary,False
2415,50.49,Low,Tertiary,True
2416,32.94,Medium,Primary,False
2417,54.31,Low,Primary,False
2418,73.73,Medium,Primary,False
2419,72.08,Low,Secondary,False
2420,55.59,Low,Secondary,True
2421,79.79,High,Tertiary,True
2422,48.86,Low,Tertiary,True
2423,49.81,Medium,Tertiary,False
2424,53.87,Medium,Tertiary,True
2425,65.28,Low,Secondary,True
2426,35.29,High,Primary,True
2427,72.04,Low,Tertiary,False
2428,53.95,Low,Secondary,True
2429,64.2,Medium,Primary,False
2430,40.33,Medium,Primary,True
2431,41.55,Medium,Tertiary,True
2432,35.63,Medium,Primary,False
2433,49.34,Medium,Primary,True
2434,56.03,High,Tertiary,False
2435,63.02,High,Secondary,True
2436,38.5,Low,Tertiary,True
2437,60.24,Low,Primary,True
2438,72.78,Medium,Secondary,False
2439,38.12,Medium,Tertiary,True
2440,32.58,Low,Secondary,True
2441,42.38,Low,Primary,False
2442,76.95,Low,Secondary,False
2443,32.06,Medium,Primary,True
2444,47.32,Medium,Primary,True
2445,73.93,High,Tertiary,True
2446,71.49,Medium,Tertiary,True
2447,36.17,Low,Tertiary,False
2448,66.97,Medium,Tertiary,True
2449,35.8,Low,Primary,False
2450,52.38,High,Tertiary,True
2451,35.75,Medium,Tertiary,False
2452,49.16,High,Tertiary,False
2453,41.36,Medium,Secondary,False
2454,51.79,High,Primary,True
2455,30.5,Medium,Primary,False
2456,49.76,Low,Primary,True
2457,43.23,Low,Tertiary,True
2458,78.74,Medium,Tertiary,True
2459,70.1,Low,Secondary,False
2460,64.76,Medium,Tertiary,False
2461,58.07,High,Tertiary,False
2462,72.88,Low,Tertiary,False
2463,48.57,High,Tertiary,True
2464,50.1,Low,Secondary,True
2465,79.87,Medium,Primary,False
2466,45.19,Low,Tertiary,False
2467,40.61,Low,Secondary,False
2468,51.38,High,Primary,False
2469,77.23,High,Secondary,False
2470,55.63,High,Secondary,True
2471,65.27,Medium,Primary,False
2472,75.99,Low,Primary,True
2473,56.83,Medium,Secondary,True
2474,51.8,Medium,Tertiary,False
2475,54.64,Low,Secondary,False
2476,74.62,High,Secondary,True
2477,48.71,High,Primary,False
2478,41.6,Medium,Tertiary,True
2479,36.65,Low,Primary,True
2480,73.89,Medium,Tertiary,False
2481,46.0,High,Tertiary,True
2482,65.67,High,Tertiary,True
2483,51.11,Low,Tertiary,False
2484,40.39,Low,Primary,True
2485,57.83,Medium,Tertiary,False
2486,78.23,Low,Secondary,True
2487,57.04,Low,Secondary,True
2488,50.19,High,Secondary,True
2489,66.84,Low,Secondary,False
2490,79.26,High,Secondary,False
2491,43.7,Medium,Secondary,False
2492,76.48,Low,Tertiary,True
2493,78.53,Medium,Tertiary,False
2494,35.02,Low,Primary,False
2495,67.04,Medium,Primary,False
2496,76.74,Medium,Tertiary,False
2497,47.65,Low,Secondary,False
2498,77.1,Medium,Primary,False
2499,34.76,Low,Primary,True
2500,59.17,Medium,Primary,False
2501,34.52,Low,Tertiary,True
2502,31.88,Low,Primary,False
2503,40.88,High,Tertiary,False
2504,38.11,Low,Tertiary,False
2505,32.17,High,Secondary,False
2506,42.8,Low,Primary,True
2507,74.25,Low,Primary,False
2508,74.54,Low,Secondary,True
2509,69.91,High,Tertiary,True
2510,48.05,High,Secondary,True
2511,33.73,Low,Tertiary,True
2512,70.08,Medium,Primary,False
2513,39.15,Medium,Primary,False
2514,41.63,High,Tertiary,True
2515,42.37,High,Secondary,False
2516,76.35,High,Tertiary,True
2517,73.16,Medium,Primary,False
2518,39.0,Medium,Tertiary,False
2519,45.94,Low,Secondary,False
2520,36.52,High,Tertiary,True
2521,50.17,Low,Primary,False
2522,41.99,High,Primary,True
2523,49.89,High,Secondary,True
2524,37.2,High,Secondary,True
2525,33.85,Medium,Tertiary,True
2526,59.39,High,Secondary,False
2527,65.0,Medium,Primary,True
2528,47.63,Medium,Tertiary,True
2529,64.47,Medium,Secondary,True
2530,68.54,Medium,Secondary,False
2531,72.06,Medium,Primary,False
2532,53.34,Low,Secondary,True
2533,49.43,Low,Primary,True
2534,73.55,High,Primary,True
2535,35.24,High,Tertiary,False
2536,58.37,Low,Primary,False
2537,65.2,Medium,Primary,False
2538,67.91,Low,Tertiary,False
2539,78.15,Low,Tertiary,False
2540,71.4,Low,Primary,False
2541,77.83,Medium,Secondary,True
2542,75.56,Medium,Secondary,False
2543,71.41,Low,Secondary,False
2544,32.6,High,Secondary,True
2545,66.44,Medium,Primary,False
2546,37.61,High,Primary,False
2547,31.8,Medium,Primary,False
2548,44.97,High,Tertiary,True
2549,45.32,Low,Tertiary,False
2550,78.7,Medium,Secondary,True
2551,54.14,Low,Primary,False
2552,34.25,Medium,Secondary,True
2553,34.39,High,Primary,False
2554,73.94,High,Primary,True
2555,38.84,Low,Primary,False
2556,44.57,High,Tertiary,True
2557,33.95,High,Primary,False
2558,34.57,Medium,Tertiary,True
2559,34.64,High,Tertiary,False
2560,34.23,High,Secondary,True
2561,77.85,Low,Primary,False
2562,65.02,Medium,Tertiary,True
2563,65.01,Low,Secondary,False
2564,51.62,Medium,Tertiary,True
2565,72.34,High,Tertiary,True
2566,69.04,Medium,Secondary,False
2567,42.47,Low,Tertiary,True
2568,57.83,Medium,Secondary,False
2569,58.26,High,Primary,True
2570,32.75,Low,Secondary,True
2571,55.45,Low,Primary,True
2572,47.82,Low,Secondary,False
2573,72.56,Medium,Tertiary,False
2574,45.19,High,Tertiary,True
2575,44.87,High,Primary,True
2576,30.44,High,Primary,True
2577,77.91,High,Tertiary,False
2578,63.44,High,Primary,True
2579,30.96,High,Tertiary,False
2580,71.35,High,Tertiary,False
2581,40.75,Medium,Primary,False
2582,52.98,Low,Tertiary,True
2583,72.31,Low,Secondary,False
2584,66.06,High,Tertiary,False
2585,52.13,High,Secondary,False
2586,78.27,Medium,Tertiary,False
2587,62.34,Medium,Tertiary,False
2588,68.19,Low,Primary,False
2589,44.42,High,Primary,False
2590,44.45,Low,Tertiary,False
2591,68.74,Medium,Primary,True
2592,35.03,High,Secondary,False
2593,61.89,High,Secondary,True
2594,44.86,Low,Secondary,False
2595,34.64,High,Secondary,False
2596,51.85,High,Secondary,False
2597,48.43,High,Tertiary,True
2598,75.53,Low,Tertiary,True
2599,79.1,Low,Tertiary,True
2600,72.56,Low,Secondary,False
2601,76.82,High,Secondary,False
2602,75.49,High,Tertiary,True
2603,71.67,Low,Secondary,False
2604,37.86,High,Primary,False
2605,46.02,High,Tertiary,True
2606,76.63,Medium,Primary,False
2607,58.91,Low,Tertiary,True
2608,36.43,Low,Primary,False
2609,79.96,High,Secondary,True
2610,39.91,Low,Tertiary,True
2611,62.14,Medium,Secondary,True
2612,45.05,Low,Tertiary,False
2613,48.21,Medium,Secondary,True
2614,50.68,Medium,Primary,False
2615,44.37,Low,Primary,True
2616,49.0,Low,Tertiary,True
2617,44.94,Medium,Secondary,True
2618,46.62,High,Secondary,True
2619,70.05,Medium,Tertiary,True
2620,70.32,Low,Primary,True
2621,32.53,Low,Tertiary,False
2622,76.17,High,Tertiary,False
2623,54.69,Low,Tertiary,True
2624,70.63,Medium,Primary,True
2625,66.99,High,Secondary,False
2626,42.52,Low,Primary,False
2627,31.49,High,Primary,True
2628,31.32,Low,Primary,False
2629,50.58,Low,Primary,True
2630,46.46,Medium,Primary,True
2631,47.24,Medium,Secondary,True
2632,46.92,Low,Secondary,False
2633,51.59,Low,Primary,False
2634,56.85,High,Primary,False
2635,37.6,Medium,Secondary,True
2636,52.7,High,Tertiary,False
2637,56.04,Low,Secondary,True
2638,66.33,High,Primary,False
2639,72.36,High,Tertiary,False
2640,73.89,High,Tertiary,True
2641,56.27,High,Secondary,False
2642,47.45,Medium,Secondary,False
2643,36.15,Low,Tertiary,False
2644,64.18,Medium,Tertiary,True
2645,36.62,High,Secondary,True
2646,57.95,Medium,Primary,False
2647,62.43,Medium,Primary,True
2648,55.21,Medium,Secondary,True
2649,69.47,High,Secondary,False
2650,37.31,Medium,Secondary,False
2651,60.31,High,Primary,False
2652,61.84,Low,Primary,False
2653,63.38,Low,Tertiary,False
2654,39.52,Medium,Secondary,False
2655,31.52,Low,Secondary,False
2656,72.58,Medium,Primary,False
2657,68.3,High,Secondary,False
2658,63.73,High,Primary,True
2659,37.73,Low,Secondary,False
2660,61.15,High,Primary,True
2661,49.9,Low,Secondary,False
2662,51.88,Low,Secondary,True
2663,75.01,Medium,Tertiary,True
2664,60.78,High,Tertiary,False
2665,71.96,Low,Tertiary,True
2666,79.35,High,Secondary,True
2667,56.33,Medium,Primary,False
2668,59.51,Medium,Tertiary,True
2669,37.91,Medium,Secondary,True
2670,45.48,High,Primary,False
2671,73.01,Low,Secondary,True
2672,69.2,Medium,Primary,False
2673,61.92,Low,Primary,True
2674,56.7,Low,Tertiary,True
2675,47.37,Low,Secondary,True
2676,65.13,Low,Tertiary,True
2677,57.94,Low,Primary,False
2678,65.07,High,Tertiary,True
2679,62.2,Medium,Primary,False
2680,57.57,High,Secondary,True
2681,65.3,Medium,Tertiary,False
2682,57.72,Low,Tertiary,False
2683,41.13,Low,Tertiary,True
2684,65.97,Medium,Primary,True
2685,61.08,High,Tertiary,True
2686,70.91,Medium,Tertiary,False
2687,65.76,High,Secondary,True
2688,53.11,High,Secondary,True
2689,75.07,Low,Secondary,True
2690,63.77,Medium,Tertiary,True
2691,32.05,Medium,Tertiary,False
2692,37.43,Low,Primary,False
2693,31.23,High,Primary,True
2694,79.02,High,Secondary,True
2695,47.88,Medium,Tertiary,True
2696,39.62,High,Primary,False
2697,42.67,Medium,Primary,True
2698,49.26,Low,Tertiary,False
2699,41.52,Medium,Tertiary,True
2700,75.08,Low,Secondary,True
2701,72.18,High,Primary,False
2702,34.26,Medium,Secondary,False
2703,68.24,Low,Secondary,True
2704,49.31,Medium,Secondary,True
2705,67.14,Medium,Tertiary,True
2706,37.24,Low,Secondary,True
2707,66.28,Low,Secondary,True
2708,78.61,Low,Tertiary,False
2709,61.64,Medium,Secondary,True
2710,52.39,Low,Tertiary,True
2711,74.14,Medium,Primary,False
2712,67.15,Medium,Tertiary,False
2713,59.76,Low,Primary,False
2714,75.73,High,Secondary,False
2715,73.18,High,Secondary,False
2716,65.78,Low,Primary,True
2717,31.33,Low,Tertiary,True
2718,61.19,Medium,Secondary,False
2719,71.07,High,Primary,False
2720,57.76,High,Secondary,True
2721,73.71,Medium,Primary,True
2722,48.23,High,Primary,True
2723,37.99,Low,Primary,True
2724,35.05,Low,Tertiary,False
2725,47.43,Low,Secondary,False
2726,49.99,Medium,Tertiary,False
2727,44.75,Low,Primary,True
2728,58.38,Medium,Primary,True
2729,75.37,Low,Secondary,False
2730,60.48,High,Tertiary,False
2731,36.13,High,Tertiary,True
2732,45.7,Low,Secondary,False
2733,46.99,High,Secondary,True
2734,51.63,Medium,Primary,True
2735,75.31,High,Tertiary,False
2736,61.08,High,Secondary,False
2737,47.82,Medium,Primary,True
2738,46.77,Low,Secondary,True
2739,30.17,High,Secondary,True
2740,58.37,High,Secondary,False
2741,71.05,Medium,Tertiary,False
2742,69.1,Medium,Primary,True
2743,47.59,High,Primary,True
2744,65.41,Medium,Primary,False
2745,37.91,Low,Tertiary,False
2746,34.15,High,Tertiary,True
2747,47.15,Low,Primary,False
2748,75.15,Medium,Secondary,False
2749,31.46,Medium,Secondary,True
2750,66.03,Medium,Secondary,True
2751,76.65,Medium,Secondary,False
2752,52.86,Low,Secondary,True
2753,46.72,Medium,Tertiary,True
2754,51.79,High,Primary,True
2755,48.11,High,Primary,False
2756,48.82,Medium,Primary,False
2757,58.58,High,Secondary,True
2758,41.46,Medium,Secondary,True
2759,67.25,Low,Primary,False
2760,41.9,Medium,Tertiary,False
2761,50.39,Low,Secondary,True
2762,69.1,Medium,Tertiary,False
2763,76.51,Medium,Primary,False
2764,73.86,Medium,Tertiary,True
2765,45.33,High,Secondary,True
2766,69.69,Low,Primary,True
2767,63.67,Medium,Primary,False
2768,35.79,Medium,Tertiary,True
2769,37.08,Medium,Primary,True
2770,49.03,Medium,Tertiary,True
2771,66.29,Low,Primary,True
2772,70.75,Medium,Primary,False
2773,34.21,High,Secondary,False
2774,35.29,Medium,Primary,True
2775,56.19,Low,Secondary,False
2776,52.16,High,Secondary,False
2777,72.87,High,Secondary,True
2778,61.25,Low,Tertiary,False
2779,58.22,Medium,Primary,True
2780,57.91,High,Primary,True
2781,55.28,Low,Secondary,True
2782,50.69,High,Tertiary,True
2783,47.95,High,Secondary,True
2784,53.18,Low,Secondary,False
2785,75.21,High,Tertiary,False
2786,42.72,High,Primary,True
2787,71.97,Low,Secondary,False
2788,42.53,High,Primary,True
2789,72.46,High,Tertiary,False
2790,74.3,High,Primary,False
2791,35.12,High,Secondary,False
2792,48.41,High,Primary,False
2793,78.76,Medium,Tertiary,False
2794,39.46,Low,Tertiary,False
2795,33.45,High,Secondary,True
2796,75.96,Low,Primary,True
2797,48.65,High,Secondary,True
2798,62.23,Low,Secondary,True
2799,59.27,High,Secondary,True
2800,45.67,High,Tertiary,True
2801,73.67,High,Secondary,True
2802,35.59,Medium,Secondary,True
2803,31.94,Low,Primary,False
2804,70.36,High,Tertiary,False
2805,75.05,Medium,Tertiary,False
2806,54.23,Medium,Secondary,False
2807,40.61,High,Tertiary,False
2808,36.29,Low,Tertiary,True
2809,46.54,Medium,Secondary,True
2810,45.66,Medium,Primary,False
2811,78.2,Medium,Primary,True
2812,77.18,Low,Primary,False
2813,74.8,Low,Tertiary,False
2814,38.64,High,Primary,True
2815,66.07,Low,Primary,False
2816,76.81,High,Tertiary,True
2817,31.58,High,Primary,True
2818,43.09,Low,Primary,False
2819,79.59,Low,Tertiary,False
2820,43.15,Low,Primary,False
2821,69.09,High,Tertiary,True
2822,65.52,Low,Primary,False
2823,42.59,High,Tertiary,False
2824,67.36,Medium,Primary,True
2825,66.36,High,Tertiary,False
2826,77.03,High,Primary,False
2827,32.03,Medium,Tertiary,True
2828,53.82,Medium,Tertiary,False
2829,40.02,High,Primary,False
2830,75.82,High,Secondary,False
2831,74.01,High,Primary,False
2832,63.28,Low,Primary,False
2833,56.17,Low,Secondary,True
2834,38.11,Medium,Tertiary,False
2835,47.95,High,Secondary,False
2836,69.57,Medium,Tertiary,False
2837,51.96,Medium,Primary,True
2838,43.54,Medium,Tertiary,True
2839,56.78,High,Secondary,False
2840,42.57,High,Primary,True
2841,51.8,Medium,Primary,True
2842,51.86,Low,Primary,True
2843,47.89,Medium,Tertiary,True
2844,67.95,Medium,Secondary,True
2845,58.88,Low,Secondary,True
2846,60.23,High,Primary,False
2847,46.47,High,Tertiary,True
2848,78.12,High,Secondary,False
2849,46.14,High,Tertiary,True
2850,79.89,High,Primary,False
2851,53.97,Low,Secondary,False
2852,62.98,High,Secondary,False
2853,58.7,Low,Primary,False
2854,59.76,Low,Secondary,True
2855,43.58,High,Primary,False
2856,39.56,Medium,Tertiary,False
2857,52.32,Medium,Primary,False
2858,37.45,Medium,Primary,False
2859,46.47,High,Secondary,True
2860,38.5,High,Tertiary,True
2861,78.52,High,Secondary,False
2862,45.33,Medium,Tertiary,False
2863,71.23,Low,Tertiary,True
2864,67.83,Medium,Tertiary,False
2865,44.26,Medium,Primary,False
2866,45.37,Medium,Secondary,False
2867,64.25,Medium,Tertiary,False
2868,30.02,Medium,Primary,False
2869,34.76,Medium,Secondary,True
2870,61.76,Low,Primary,False
2871,41.46,Low,Tertiary,False
2872,73.41,Medium,Secondary,False
2873,42.54,Low,Tertiary,False
2874,61.11,Low,Primary,False
2875,50.31,Medium,Secondary,True
2876,50.68,High,Tertiary,False
2877,57.72,High,Primary,False
2878,41.37,Low,Secondary,True
2879,47.84,Low,Primary,False
2880,35.0,Medium,Tertiary,False
2881,74.71,High,Tertiary,False
2882,33.85,High,Tertiary,False
2883,70.96,High,Secondary,False
2884,63.81,High,Tertiary,True
2885,77.53,Low,Primary,True
2886,78.86,Medium,Primary,True
2887,37.83,Medium,Tertiary,False
2888,79.79,Medium,Primary,True
2889,44.36,High,Secondary,True
2890,73.96,High,Tertiary,False
2891,67.85,Low,Primary,False
2892,70.67,Medium,Primary,False
2893,59.64,High,Secondary,False
2894,72.51,Low,Secondary,False
2895,66.09,Low,Primary,False
2896,35.3,Low,Secondary,True
2897,58.34,Low,Tertiary,True
2898,34.47,Medium,Tertiary,False
2899,76.43,Low,Tertiary,False
2900,35.37,Medium,Tertiary,True
2901,75.66,High,Primary,True
2902,38.58,High,Primary,False
2903,39.49,Low,Tertiary,False
2904,78.24,Medium,Secondary,True
2905,47.02,High,Secondary,True
2906,66.83,High,Tertiary,False
2907,72.62,Low,Secondary,True
2908,44.64,Low,Primary,True
2909,66.44,Low,Secondary,True
2910,60.4,High,Primary,True
2911,49.77,High,Tertiary,True
2912,73.21,Medium,Secondary,True
2913,52.42,Medium,Primary,True
2914,39.0,Medium,Tertiary,True
2915,65.58,High,Tertiary,False
2916,40.46,Low,Tertiary,False
2917,72.4,High,Tertiary,True
2918,74.19,Low,Primary,False
2919,46.45,High,Primary,True
2920,32.07,High,Tertiary,False
2921,57.68,Medium,Secondary,False
2922,62.62,High,Secondary,False
2923,45.82,Low,Primary,False
2924,49.5,High,Tertiary,False
2925,77.97,High,Tertiary,False
2926,67.1,Medium,Tertiary,True
2927,36.37,Medium,Tertiary,True
2928,69.17,Medium,Primary,False
2929,57.82,Low,Secondary,True
2930,76.1,Medium,Tertiary,False
2931,40.18,High,Primary,False
2932,57.44,Low,Tertiary,False
2933,39.63,Low,Primary,True
2934,68.16,High,Primary,True
2935,30.55,Medium,Tertiary,False
2936,57.88,Medium,Primary,True
2937,55.81,High,Primary,True
2938,41.11,Low,Secondary,True
2939,52.72,Low,Tertiary,False
2940,61.31,Medium,Tertiary,True
2941,53.8,High,Tertiary,False
2942,48.78,High,Secondary,True
2943,67.67,High,Secondary,True
2944,60.97,High,Secondary,False
2945,74.81,Low,Secondary,False
2946,45.23,Low,Secondary,True
2947,41.42,Low,Primary,True
2948,57.05,High,Secondary,False
2949,67.01,Medium,Primary,True
2950,68.33,Medium,Tertiary,True
2951,31.3,High,Secondary,True
2952,66.11,Low,Tertiary,True
2953,44.43,Medium,Secondary,True
2954,49.42,Low,Primary,False
2955,71.42,Low,Tertiary,True
2956,75.27,High,Tertiary,False
2957,65.64,Low,Primary,False
2958,70.65,High,Primary,False
2959,61.94,Low,Tertiary,False
2960,41.96,High,Tertiary,False
2961,36.45,Medium,Tertiary,True
2962,63.31,High,Primary,True
2963,32.63,Low,Primary,True
2964,43.45,Low,Tertiary,True
2965,57.29,Low,Primary,False
2966,53.4,High,Tertiary,False
2967,61.87,Low,Tertiary,False
2968,77.28,Low,Primary,True
2969,43.56,High,Primary,True
2970,44.01,Medium,Tertiary,False
2971,74.04,Medium,Tertiary,True
2972,69.6,Low,Secondary,False
2973,53.61,Medium,Tertiary,True
2974,41.52,Medium,Tertiary,False
2975,50.7,High,Secondary,False
2976,33.84,High,Primary,False
2977,76.54,Low,Primary,False
2978,75.36,Low,Tertiary,True
2979,44.32,High,Tertiary,False
2980,62.38,High,Secondary,True
2981,36.87,Low,Primary,True
2982,59.56,Low,Tertiary,False
2983,62.91,Medium,Tertiary,True
2984,38.57,Low,Secondary,False
2985,58.67,Low,Primary,True
2986,68.16,Medium,Tertiary,True
2987,39.54,Medium,Tertiary,False
2988,60.12,High,Secondary,True
2989,59.09,Low,Secondary,True
2990,69.83,Low,Primary,True
2991,67.42,Low,Tertiary,True
2992,61.59,Low,Tertiary,True
2993,39.09,Medium,Secondary,True
2994,38.09,Medium,Tertiary,False
2995,35.99,High,Tertiary,False
2996,56.78,Medium,Tertiary,True
2997,61.11,Low,Primary,False
2998,72.6,Low,Primary,True
2999,70.05,Low,Tertiary,True
