Infrastructure_key,Road_quality,Access_to_water,Access_to_electricity,Communication_coverage
0,Fair,False,False,High
1,Poor,True,False,High
2,Poor,True,False,Low
3,Fair,True,True,High
4,Good,True,False,High
5,Fair,False,False,Low
6,Fair,False,True,Moderate
7,Fair,False,False,Low
8,Poor,True,False,Low
9,Fair,False,False,High
10,Good,False,False,Moderate
11,Poor,True,True,Low
12,Good,False,False,Moderate
13,Poor,True,True,Moderate
14,Poor,True,False,Low
15,Good,False,False,High
16,Poor,True,True,Low
17,Fair,True,True,Moderate
18,Fair,False,False,High
19,Poor,True,False,Low
20,Fair,True,True,Low
21,Poor,True,False,Low
22,Poor,True,False,Moderate
23,Poor,True,True,Low
24,Poor,False,False,Moderate
25,Fair,False,False,Moderate
26,Poor,True,False,Low
27,Poor,True,False,Moderate
28,Poor,False,False,Moderate
29,Fair,False,False,Moderate
30,Good,True,False,High
31,Poor,True,True,High
32,Good,True,True,Low
33,Poor,True,False,High
34,Good,False,False,High
35,Good,False,False,Low
36,Poor,False,True,Moderate
37,Fair,False,True,Low
38,Fair,False,False,Low
39,Poor,True,False,Moderate
40,Poor,True,False,Low
41,Good,False,False,Moderate
42,Poor,False,True,High
43,Fair,True,False,Low
44,Poor,True,False,Low
45,Fair,False,True,Moderate
46,Fair,True,True,Low
47,Poor,True,True,High
48,Good,True,False,Moderate
49,Poor,False,True,High
50,Good,True,True,High
51,Good,False,True,Low
52,Good,True,False,Moderate
53,Good,True,True,Low
54,Good,True,False,High
55,Good,True,True,High
56,Fair,False,True,Moderate
57,Good,False,False,Low
58,Poor,True,False,Moderate
59,Poor,False,False,Moderate
60,Good,False,False,Low
61,Fair,True,False,Moderate
62,Good,False,False,Moderate
63,Poor,False,False,High
64,Good,True,True,Low
65,Good,False,False,Moderate
66,Fair,False,True,High
67,Fair,False,True,Low
68,Good,True,True,High
69,Poor,True,True,High
70,Fair,False,False,High
71,Poor,False,False,High
72,Poor,True,False,Moderate
73,Fair,False,True,Moderate
74,Good,False,False,High
75,Good,True,True,Moderate
76,Poor,True,True,Moderate
77,Good,False,False,High
78,Good,True,True,High
79,Fair,True,True,Low
80,Poor,False,False,Low
81,Poor,False,False,Moderate
82,Poor,True,False,Moderate
83,Fair,True,True,High
84,Good,False,True,High
85,Poor,False,False,High
86,Poor,True,False,High
87,Fair,True,True,Low
88,Poor,True,False,Low
89,Fair,True,True,Moderate
90,Good,False,True,Moderate
91,Fair,False,True,High
92,Poor,True,True,Low
93,Good,True,True,Moderate
94,Fair,True,False,Moderate
95,Good,False,False,High
96,Fair,True,False,High
97,Poor,False,True,High
98,Fair,True,True,High
99,Poor,False,False,Low
100,Poor,False,False,Low
101,Good,True,False,Moderate
102,Poor,True,False,Low
103,Fair,False,False,Moderate
104,Good,True,False,Moderate
105,Poor,True,False,Low
106,Good,True,True,Low
107,Fair,True,True,Moderate
108,Fair,False,False,High
109,Poor,False,False,Low
110,Poor,True,True,High
111,Fair,True,False,Moderate
112,Good,True,False,High
113,Poor,True,True,Moderate
114,Poor,True,True,High
115,Fair,True,False,Moderate
116,Good,True,True,Moderate
117,Poor,True,True,High
118,Good,True,False,Moderate
119,Poor,True,False,High
120,Fair,True,True,Low
121,Good,True,True,Moderate
122,Fair,False,True,High
123,Poor,False,True,High
124,Fair,True,True,High
125,Poor,False,True,High
126,Fair,False,True,Moderate
127,Good,True,True,High
128,Fair,False,True,Moderate
129,Poor,False,True,High
130,Fair,True,True,Moderate
131,Fair,False,False,High
132,Poor,True,False,High
133,Poor,False,True,High
134,Poor,False,False,High
135,Fair,False,False,Moderate
136,Good,True,True,Low
137,Good,True,False,High
138,Good,True,True,Low
139,Poor,False,True,Moderate
140,Fair,True,True,Moderate
141,Good,False,True,Low
142,Good,True,True,Low
143,Good,False,True,High
144,Poor,True,True,Low
145,Good,False,False,Low
146,Fair,True,False,Low
147,Good,False,False,High
148,Poor,False,True,High
149,Poor,False,True,Low
150,Good,True,False,Low
151,Fair,True,False,Low
152,Good,False,False,Moderate
153,Good,False,False,High
154,Poor,True,True,High
155,Poor,False,True,Moderate
156,Poor,True,False,Moderate
157,Good,False,False,Low
158,Fair,True,True,High
159,Poor,True,False,Low
160,Fair,False,False,Moderate
161,Poor,True,True,Moderate
162,Good,True,False,Moderate
163,Good,True,False,High
164,Fair,True,False,Moderate
165,Fair,False,True,Low
166,Fair,True,False,Low
167,Good,True,False,Low
168,Poor,True,False,Moderate
169,Fair,True,False,Moderate
170,Fair,False,False,High
171,Good,True,True,Low
172,Fair,False,True,Low
173,Poor,True,False,High
174,Fair,False,True,Low
175,Fair,True,False,Moderate
176,Poor,False,False,Moderate
177,Poor,True,False,High
178,Good,True,False,Low
179,Good,False,True,High
180,Fair,True,False,Low
181,Fair,True,False,Low
182,Good,False,False,Low
183,Fair,True,True,High
184,Good,False,True,Low
185,Fair,True,False,High
186,Poor,True,False,Moderate
187,Fair,True,False,Low
188,Poor,True,False,High
189,Good,False,True,Moderate
190,Poor,True,False,Moderate
191,Poor,False,False,Low
192,Fair,True,False,High
193,Poor,True,True,High
194,Fair,False,True,Low
195,Fair,True,False,High
196,Fair,False,True,Low
197,Poor,True,True,Moderate
198,Good,True,False,High
199,Poor,True,False,High
200,Poor,True,True,Moderate
201,Good,True,False,Low
202,Fair,True,False,High
203,Fair,False,False,Low
204,Good,True,True,Moderate
205,Good,True,True,Low
206,Fair,False,False,High
207,Good,True,True,Low
208,Poor,False,True,High
209,Poor,True,True,Moderate
210,Good,True,False,Low
211,Fair,False,True,High
212,Good,False,True,Low
213,Poor,False,True,Low
214,Good,True,True,Moderate
215,Good,True,True,High
216,Poor,True,True,Low
217,Fair,False,False,High
218,Good,True,True,Moderate
219,Poor,True,False,Low
220,Poor,False,True,Low
221,Good,False,False,Low
222,Poor,False,False,High
223,Poor,False,True,Moderate
224,Fair,False,True,Moderate
225,Poor,True,True,Low
226,Poor,True,True,Moderate
227,Good,True,True,Low
228,Fair,False,False,Moderate
229,Fair,True,False,Moderate
230,Fair,False,True,Moderate
231,Poor,False,False,Moderate
232,Good,False,True,High
233,Fair,False,True,High
234,Good,False,False,Low
235,Good,True,False,High
236,Poor,True,False,Low
237,Fair,False,False,High
238,Good,True,False,High
239,Poor,False,True,High
240,Good,False,False,Moderate
241,Fair,False,False,Moderate
242,Poor,True,False,Moderate
243,Fair,False,False,Low
244,Fair,True,False,Low
245,Poor,False,False,High
246,Poor,True,True,Moderate
247,Poor,True,True,High
248,Fair,True,False,Low
249,Poor,True,False,Moderate
250,Good,False,True,Moderate
251,Good,True,True,Low
252,Good,True,False,Low
253,Poor,True,False,High
254,Fair,True,False,High
255,Fair,False,False,High
256,Fair,True,False,Low
257,Fair,False,False,Moderate
258,Good,True,False,Low
259,Fair,True,True,Low
260,Good,False,False,High
261,Fair,True,True,Low
262,Good,True,True,High
263,Fair,True,True,High
264,Good,False,True,High
265,Poor,False,True,High
266,Fair,False,False,High
267,Poor,False,False,High
268,Poor,False,False,Low
269,Poor,False,True,Moderate
270,Good,False,False,High
271,Poor,False,True,Low
272,Good,False,False,High
273,Fair,True,True,Low
274,Fair,True,False,Moderate
275,Good,True,False,Low
276,Poor,False,False,Moderate
277,Good,True,True,Moderate
278,Fair,False,True,High
279,Fair,False,True,Moderate
280,Poor,True,False,Low
281,Poor,True,True,Moderate
282,Poor,True,False,Low
283,Poor,False,True,Low
284,Good,True,False,Moderate
285,Fair,True,True,Moderate
286,Fair,True,False,High
287,Poor,False,True,Low
288,Poor,True,False,Low
289,Good,True,True,High
290,Fair,True,True,Moderate
291,Good,True,True,Moderate
292,Good,True,True,High
293,Poor,True,False,High
294,Good,False,False,Moderate
295,Poor,False,False,Moderate
296,Poor,False,True,Low
297,Good,True,False,Moderate
298,Poor,False,False,High
299,Poor,False,True,Moderate
300,Poor,False,False,High
301,Good,False,True,Moderate
302,Poor,True,True,Low
303,Poor,True,True,Moderate
304,Good,True,True,High
305,Good,True,False,High
306,Good,False,False,High
307,Good,True,True,Low
308,Good,False,False,Low
309,Fair,True,True,Low
310,Good,True,False,Low
311,Good,False,True,Moderate
312,Poor,False,True,Low
313,Fair,False,True,Low
314,Poor,False,False,Low
315,Good,False,True,High
316,Good,False,True,High
317,Poor,True,False,Low
318,Poor,False,True,Moderate
319,Poor,False,False,Low
320,Poor,False,False,High
321,Poor,False,False,Low
322,Poor,True,True,Low
323,Fair,False,False,High
324,Poor,True,True,High
325,Fair,True,True,High
326,Good,False,False,High
327,Fair,True,True,High
328,Good,True,True,High
329,Fair,True,True,Low
330,Good,True,True,Moderate
331,Good,False,False,Low
332,Good,False,True,High
333,Poor,False,True,High
334,Poor,False,True,Low
335,Good,False,False,Moderate
336,Fair,True,True,Low
337,Fair,True,False,Low
338,Poor,True,True,High
339,Poor,False,True,High
340,Good,False,False,Low
341,Fair,False,False,Moderate
342,Fair,False,True,Moderate
343,Poor,False,False,Low
344,Poor,True,False,High
345,Fair,True,False,Moderate
346,Fair,True,False,Moderate
347,Good,False,False,Moderate
348,Good,False,True,Moderate
349,Poor,False,True,Low
350,Fair,True,True,Moderate
351,Fair,False,False,High
352,Fair,True,False,Low
353,Poor,True,False,High
354,Poor,False,False,Moderate
355,Fair,False,False,Moderate
356,Fair,False,False,High
357,Poor,False,True,Low
358,Fair,False,True,Moderate
359,Fair,True,True,Moderate
360,Good,False,False,High
361,Good,False,False,Low
362,Good,False,False,Moderate
363,Poor,True,True,Low
364,Good,True,True,Moderate
365,Fair,True,False,High
366,Fair,False,False,Low
367,Good,True,False,High
368,Poor,True,True,Low
369,Poor,True,True,Low
370,Fair,False,True,High
371,Good,True,False,Moderate
372,Poor,True,False,High
373,Poor,False,True,Low
374,Fair,False,False,High
375,Poor,True,False,Moderate
376,Good,False,True,Low
377,Poor,False,False,Low
378,Poor,False,False,Moderate
379,Fair,False,True,Moderate
380,Good,False,False,High
381,Fair,False,True,High
382,Good,False,False,Moderate
383,Good,False,False,High
384,Good,False,True,Moderate
385,Fair,False,False,High
386,Good,True,False,Low
387,Poor,True,True,Moderate
388,Poor,False,True,Moderate
389,Poor,True,False,Moderate
390,Poor,False,True,High
391,Good,True,False,High
392,Fair,False,False,Low
393,Good,False,True,High
394,Fair,False,False,Moderate
395,Good,True,True,Low
396,Good,True,False,Low
397,Fair,True,True,High
398,Good,True,False,Low
399,Good,False,True,Low
400,Good,False,False,Moderate
401,Fair,False,False,High
402,Good,False,True,Moderate
403,Good,False,True,Moderate
404,Poor,True,False,High
405,Fair,True,True,Low
406,Fair,False,False,High
407,Fair,False,False,Moderate
408,Fair,False,False,Low
409,Good,True,False,High
410,Poor,False,True,Moderate
411,Fair,True,True,Low
412,Good,False,False,Moderate
413,Good,False,True,Moderate
414,Good,True,False,Low
415,Good,True,True,Low
416,Fair,True,True,Low
417,Poor,False,False,Low
418,Poor,False,True,Moderate
419,Good,True,True,Low
420,Fair,False,False,High
421,Good,False,True,Low
422,Poor,True,True,Low
423,Fair,True,False,Low
424,Poor,True,True,High
425,Poor,True,True,Low
426,Good,True,False,High
427,Fair,False,False,Moderate
428,Good,False,False,High
429,Good,False,True,High
430,Poor,True,True,High
431,Poor,False,True,High
432,Good,True,False,Moderate
433,Fair,False,False,High
434,Fair,False,False,High
435,Poor,True,False,High
436,Good,True,False,High
437,Fair,False,True,Moderate
438,Fair,True,False,Low
439,Poor,False,True,High
440,Good,True,True,Moderate
441,Fair,False,True,Low
442,Fair,True,True,Moderate
443,Good,False,False,Low
444,Poor,False,True,Moderate
445,Good,False,True,Moderate
446,Good,False,False,Moderate
447,Fair,False,False,Low
448,Poor,False,False,High
449,Good,True,False,Low
450,Poor,True,False,High
451,Good,True,True,Moderate
452,Poor,True,True,High
453,Fair,False,True,High
454,Poor,False,True,Moderate
455,Poor,False,True,Low
456,Good,True,True,Low
457,Fair,False,False,Moderate
458,Fair,True,False,Moderate
459,Good,True,True,Low
460,Good,False,True,High
461,Fair,True,False,High
462,Poor,False,False,High
463,Good,False,False,High
464,Poor,False,False,Low
465,Good,True,False,High
466,Poor,False,True,Low
467,Fair,False,False,Moderate
468,Fair,False,False,Low
469,Good,True,False,Moderate
470,Good,True,False,Moderate
471,Poor,False,False,Moderate
472,Fair,False,False,High
473,Good,True,True,High
474,Fair,False,True,High
475,Fair,False,False,Moderate
476,Fair,False,True,Moderate
477,Poor,True,False,Moderate
478,Good,True,True,High
479,Fair,True,False,Low
480,Good,False,False,Moderate
481,Fair,False,True,Moderate
482,Fair,True,False,Low
483,Poor,False,True,Low
484,Good,False,False,Low
485,Fair,True,True,High
486,Fair,True,False,High
487,Good,True,True,Low
488,Good,False,False,High
489,Good,False,True,Low
490,Good,True,False,Moderate
491,Poor,False,False,High
492,Fair,True,False,Low
493,Good,False,False,Moderate
494,Good,True,False,Low
495,Good,False,False,Low
496,Good,False,True,Moderate
497,Poor,True,False,High
498,Good,True,True,High
499,Good,True,True,High
500,Fair,True,False,Moderate
501,Fair,True,True,Moderate
502,Poor,False,True,Low
503,Fair,True,False,Low
504,Fair,False,True,Low
505,Poor,True,True,Moderate
506,Poor,False,True,Low
507,Poor,True,False,Moderate
508,Fair,False,False,Moderate
509,Good,True,True,High
510,Fair,False,False,Moderate
511,Fair,False,False,Low
512,Poor,False,False,Low
513,Poor,True,True,Low
514,Fair,True,True,Low
515,Fair,False,False,High
516,Good,True,False,Low
517,Poor,False,False,High
518,Poor,False,True,Moderate
519,Good,True,True,Low
520,Good,False,False,Moderate
521,Poor,True,True,High
522,Poor,True,True,Low
523,Good,False,False,Low
524,Fair,True,False,Moderate
525,Poor,True,True,Low
526,Poor,False,False,High
527,Good,True,False,High
528,Fair,False,True,Low
529,Poor,True,False,Low
530,Poor,False,True,Low
531,Poor,False,True,High
532,Good,True,True,Low
533,Fair,True,True,Moderate
534,Fair,False,True,Moderate
535,Good,True,True,Moderate
536,Fair,False,False,Low
537,Good,False,True,High
538,Fair,False,False,Low
539,Poor,False,True,Moderate
540,Fair,False,True,Moderate
541,Fair,True,False,Moderate
542,Fair,False,False,High
543,Fair,True,True,Low
544,Fair,False,False,Low
545,Poor,True,False,Low
546,Poor,True,False,High
547,Poor,True,True,High
548,Good,False,True,Low
549,Good,True,True,Low
550,Poor,True,True,Low
551,Poor,False,True,Low
552,Good,False,False,High
553,Poor,False,True,Low
554,Fair,True,False,High
555,Fair,False,True,Moderate
556,Fair,False,True,Moderate
557,Poor,False,True,Moderate
558,Poor,False,False,High
559,Poor,True,False,Moderate
560,Good,False,True,Moderate
561,Fair,False,False,Moderate
562,Good,False,True,High
563,Fair,True,True,Low
564,Poor,True,True,Low
565,Good,True,False,High
566,Good,True,True,High
567,Poor,False,False,Moderate
568,Good,True,True,Moderate
569,Good,True,True,High
570,Poor,True,True,Moderate
571,Good,True,False,Low
572,Poor,False,False,High
573,Poor,False,True,Moderate
574,Poor,False,False,Moderate
575,Fair,True,True,High
576,Good,True,False,Low
577,Fair,True,False,High
578,Poor,True,True,High
579,Poor,True,False,Moderate
580,Good,True,True,High
581,Fair,True,True,High
582,Poor,False,False,Moderate
583,Good,True,False,High
584,Poor,False,True,High
585,Fair,False,True,Low
586,Poor,True,False,Low
587,Good,False,False,Low
588,Poor,True,True,Moderate
589,Good,True,False,High
590,Fair,False,True,Low
591,Poor,False,False,Moderate
592,Fair,False,False,High
593,Fair,False,True,Low
594,Poor,True,True,Moderate
595,Fair,True,False,Low
596,Poor,False,True,Low
597,Poor,False,True,High
598,Poor,True,True,Low
599,Good,True,True,High
600,Poor,True,False,High
601,Good,True,False,High
602,Poor,False,True,Low
603,Fair,True,True,Low
604,Fair,False,True,High
605,Poor,True,True,Low
606,Fair,False,False,Moderate
607,Poor,True,True,Moderate
608,Poor,True,False,Moderate
609,Fair,True,True,High
610,Poor,True,False,Low
611,Good,True,False,High
612,Poor,True,False,High
613,Poor,True,True,Low
614,Poor,True,True,High
615,Fair,True,True,Moderate
616,Poor,False,False,Moderate
617,Poor,True,True,Low
618,Good,True,False,Low
619,Fair,False,True,Moderate
620,Poor,False,False,Moderate
621,Fair,False,True,Low
622,Good,False,False,Moderate
623,Fair,True,True,Low
624,Fair,False,True,Low
625,Fair,True,False,Moderate
626,Good,False,True,High
627,Good,True,True,High
628,Fair,True,True,Moderate
629,Good,True,True,Moderate
630,Fair,True,False,High
631,Good,False,True,Low
632,Good,False,False,Moderate
633,Fair,False,False,Moderate
634,Poor,False,False,Moderate
635,Fair,False,True,High
636,Poor,False,False,Low
637,Fair,True,True,High
638,Poor,True,True,Low
639,Poor,False,True,High
640,Poor,True,True,Moderate
641,Fair,False,False,Moderate
642,Fair,False,True,Moderate
643,Good,True,False,High
644,Fair,True,False,Low
645,Poor,True,True,High
646,Fair,True,False,High
647,Fair,False,False,High
648,Good,False,True,Moderate
649,Good,False,True,Moderate
650,Good,False,True,High
651,Fair,True,True,Low
652,Good,True,False,Moderate
653,Fair,True,False,Moderate
654,Good,True,False,Moderate
655,Poor,False,True,Moderate
656,Fair,False,False,High
657,Poor,False,True,Low
658,Poor,False,True,Low
659,Poor,True,False,Low
660,Poor,True,True,Moderate
661,Good,False,False,High
662,Good,False,True,Moderate
663,Good,False,False,Low
664,Good,True,False,Low
665,Good,False,True,High
666,Poor,False,False,Moderate
667,Good,False,False,Low
668,Poor,True,True,Moderate
669,Poor,False,False,Moderate
670,Poor,True,True,Moderate
671,Good,False,False,Low
672,Poor,False,False,High
673,Poor,True,True,Low
674,Fair,False,True,Low
675,Fair,False,True,Moderate
676,Poor,True,False,High
677,Good,True,True,Low
678,Fair,True,True,Low
679,Poor,True,True,High
680,Poor,True,True,Moderate
681,Poor,True,False,Moderate
682,Fair,True,True,Moderate
683,Poor,False,True,Moderate
684,Good,True,False,High
685,Fair,False,False,High
686,Fair,False,True,Low
687,Fair,False,True,Moderate
688,Fair,False,True,Moderate
689,Poor,False,True,Moderate
690,Poor,False,False,Low
691,Poor,True,True,Moderate
692,Fair,False,False,Low
693,Fair,False,False,High
694,Poor,True,False,Low
695,Fair,True,True,Moderate
696,Good,True,True,Moderate
697,Poor,True,True,High
698,Fair,False,True,Moderate
699,Poor,True,False,High
700,Poor,True,True,Moderate
701,Good,True,False,High
702,Fair,True,True,Low
703,Good,False,True,Moderate
704,Fair,True,True,Low
705,Fair,True,True,Low
706,Poor,True,True,Moderate
707,Fair,False,True,High
708,Poor,True,True,Moderate
709,Good,False,False,Moderate
710,Fair,False,True,High
711,Good,True,True,Moderate
712,Fair,False,False,Moderate
713,Fair,True,True,Low
714,Poor,False,False,Moderate
715,Poor,False,False,Low
716,Poor,True,False,Low
717,Poor,True,True,Low
718,Poor,True,False,High
719,Fair,True,False,Low
720,Good,False,False,Moderate
721,Good,True,True,High
722,Poor,True,False,High
723,Fair,True,True,Moderate
724,Poor,False,True,Low
725,Good,True,False,Moderate
726,Fair,False,True,High
727,Fair,False,True,Moderate
728,Fair,False,True,High
729,Poor,True,True,Moderate
730,Good,False,True,Low
731,Good,False,True,High
732,Fair,False,False,High
733,Good,False,True,Low
734,Poor,False,False,High
735,Good,False,False,Moderate
736,Good,False,False,Low
737,Poor,True,True,Low
738,Fair,False,True,Moderate
739,Fair,True,False,High
740,Good,True,True,High
741,Fair,True,False,Moderate
742,Fair,False,True,Low
743,Fair,False,False,Moderate
744,Poor,True,True,Moderate
745,Fair,False,False,Low
746,Poor,False,False,High
747,Fair,True,True,Low
748,Fair,False,True,Low
749,Fair,False,False,Low
750,Poor,False,False,High
751,Good,False,True,Moderate
752,Fair,False,False,Low
753,Fair,False,False,Low
754,Poor,False,True,Low
755,Poor,True,False,High
756,Poor,True,True,High
757,Fair,True,False,High
758,Fair,True,False,Moderate
759,Good,True,False,Moderate
760,Good,False,False,High
761,Fair,True,True,Moderate
762,Fair,True,True,High
763,Fair,False,False,Moderate
764,Poor,True,True,Moderate
765,Poor,False,True,High
766,Poor,True,False,Low
767,Good,False,True,High
768,Good,True,False,Moderate
769,Good,False,True,Moderate
770,Poor,False,True,Moderate
771,Good,False,True,Moderate
772,Good,True,False,Low
773,Good,False,True,Moderate
774,Poor,True,False,Low
775,Poor,False,False,Moderate
776,Fair,False,True,Moderate
777,Fair,True,False,High
778,Fair,True,False,Moderate
779,Fair,True,False,Low
780,Good,True,False,Low
781,Fair,False,False,High
782,Fair,False,False,High
783,Good,False,True,High
784,Poor,True,False,High
785,Poor,True,False,Low
786,Poor,True,True,Low
787,Good,False,True,Low
788,Poor,True,True,Low
789,Fair,True,False,High
790,Poor,True,False,High
791,Good,False,True,Moderate
792,Poor,False,False,Low
793,Poor,True,True,High
794,Poor,False,True,Moderate
795,Poor,True,True,Low
796,Fair,True,False,Low
797,Fair,True,False,High
798,Good,False,False,Low
799,Fair,True,True,High
800,Poor,True,False,Low
801,Poor,True,True,High
802,Good,False,True,Low
803,Fair,False,False,High
804,Good,False,True,Moderate
805,Poor,True,False,High
806,Poor,False,False,Moderate
807,Good,True,False,High
808,Good,False,True,Moderate
809,Fair,True,False,Low
810,Fair,False,False,Low
811,Poor,False,False,Moderate
812,Good,True,True,Moderate
813,Good,False,False,Low
814,Fair,False,True,High
815,Poor,True,True,High
816,Fair,False,False,Low
817,Good,True,True,Moderate
818,Good,False,False,High
819,Poor,False,True,High
820,Good,True,True,Moderate
821,Poor,True,False,High
822,Fair,False,False,Low
823,Fair,False,True,Moderate
824,Poor,False,False,Moderate
825,Fair,True,True,Moderate
826,Fair,False,True,Low
827,Fair,True,False,Moderate
828,Poor,False,False,Moderate
829,Good,False,False,High
830,Poor,False,False,Low
831,Poor,True,True,High
832,Fair,False,True,High
833,Poor,True,False,Low
834,Fair,False,True,Moderate
835,Poor,True,True,Low
836,Fair,True,False,Low
837,Good,True,True,High
838,Good,True,True,Moderate
839,Good,False,False,Moderate
840,Poor,True,False,Low
841,Good,False,True,Moderate
842,Fair,False,False,Low
843,Poor,True,False,Moderate
844,Poor,True,True,Low
845,Good,False,True,Low
846,Poor,True,False,Low
847,Good,True,False,High
848,Fair,True,False,Moderate
849,Poor,True,False,Moderate
850,Poor,True,False,Moderate
851,Poor,False,True,Moderate
852,Poor,True,True,High
853,Good,True,True,Moderate
854,Poor,False,True,Moderate
855,Good,True,True,Low
856,Fair,False,False,Low
857,Good,False,False,Low
858,Poor,True,True,Low
859,Good,False,True,Low
860,Fair,True,False,Moderate
861,Fair,True,False,Low
862,Fair,False,True,Low
863,Poor,False,True,Low
864,Fair,False,True,Moderate
865,Fair,True,True,High
866,Fair,True,False,Moderate
867,Good,True,True,Low
868,Poor,False,False,Low
869,Good,False,True,Low
870,Fair,True,False,Moderate
871,Good,False,False,High
872,Fair,True,False,Moderate
873,Poor,True,True,Low
874,Poor,False,False,Low
875,Good,True,True,Moderate
876,Good,False,False,Moderate
877,Fair,False,False,Low
878,Fair,False,True,High
879,Fair,False,False,Moderate
880,Good,True,True,Moderate
881,Fair,True,True,High
882,Fair,False,True,High
883,Fair,True,True,High
884,Poor,True,False,Low
885,Poor,True,True,High
886,Fair,True,False,High
887,Fair,True,True,Moderate
888,Fair,False,True,Low
889,Good,False,True,High
890,Poor,True,False,Moderate
891,Good,False,False,Low
892,Fair,True,True,Moderate
893,Good,True,False,High
894,Fair,False,True,High
895,Poor,True,False,Low
896,Poor,False,False,High
897,Good,False,True,Low
898,Poor,False,False,Low
899,Poor,False,False,Moderate
900,Good,True,False,Moderate
901,Good,True,True,Low
902,Good,False,True,High
903,Good,False,False,Moderate
904,Poor,False,True,High
905,Fair,True,True,Low
906,Good,True,True,High
907,Good,False,True,Moderate
908,Poor,False,False,High
909,Poor,True,True,Moderate
910,Good,True,True,Low
911,Good,True,False,High
912,Poor,False,True,Low
913,Fair,False,True,Low
914,Good,True,False,High
915,Good,True,True,High
916,Poor,True,False,Low
917,Fair,False,False,Low
918,Good,True,False,Moderate
919,Fair,True,False,Moderate
920,Good,False,True,Moderate
921,Good,True,False,Moderate
922,Fair,False,True,Moderate
923,Good,True,True,High
924,Poor,True,False,Low
925,Good,True,False,Low
926,Good,True,False,Low
927,Good,False,False,Moderate
928,Poor,False,True,Moderate
929,Fair,False,False,Moderate
930,Fair,True,True,High
931,Fair,False,True,Low
932,Poor,True,True,Moderate
933,Poor,True,False,Moderate
934,Poor,False,True,High
935,Poor,False,False,High
936,Fair,True,False,Low
937,Fair,False,True,High
938,Poor,True,False,Moderate
939,Good,False,True,High
940,Good,True,True,Low
941,Fair,False,False,Low
942,Poor,True,True,Moderate
943,Fair,False,True,High
944,Good,True,False,Low
945,Good,True,True,High
946,Good,True,True,Moderate
947,Good,True,False,Low
948,Poor,False,False,Moderate
949,Poor,True,False,Low
950,Good,True,True,Low
951,Poor,False,True,High
952,Good,True,True,Low
953,Good,True,False,Low
954,Good,False,True,High
955,Fair,False,True,Low
956,Poor,False,False,Low
957,Good,True,True,Moderate
958,Poor,True,False,Moderate
959,Fair,True,True,High
960,Poor,True,True,Low
961,Good,False,True,Moderate
962,Fair,True,True,Low
963,Poor,True,False,Moderate
964,Poor,True,True,High
965,Fair,True,True,Moderate
966,Good,True,True,High
967,Fair,True,True,Moderate
968,Fair,False,True,Low
969,Fair,False,True,Moderate
970,Poor,True,True,Low
971,Fair,False,False,Moderate
972,Poor,True,True,Moderate
973,Poor,False,True,Moderate
974,Fair,True,False,Low
975,Fair,False,True,Moderate
976,Good,True,True,Moderate
977,Fair,True,False,Low
978,Poor,False,True,Moderate
979,Poor,True,False,Moderate
980,Good,True,True,Low
981,Fair,True,True,Low
982,Good,False,False,Low
983,Good,True,True,Moderate
984,Good,False,False,Moderate
985,Poor,True,True,Low
986,Fair,True,True,High
987,Fair,True,True,Moderate
988,Poor,True,False,Moderate
989,Good,True,True,Moderate
990,Fair,True,True,Moderate
991,Poor,False,True,Low
992,Poor,True,True,Low
993,Fair,True,False,Moderate
994,Good,False,True,Low
995,Poor,True,True,High
996,Fair,False,False,High
997,Fair,False,True,Low
998,Good,True,True,Low
999,Poor,True,False,Moderate
1000,Good,False,False,Low
1001,Good,False,False,High
1002,Good,True,False,Low
1003,Good,True,False,High
1004,Good,False,False,Low
1005,Good,False,True,High
1006,Good,True,True,High
1007,Poor,True,True,High
1008,Poor,False,True,Low
1009,Poor,True,True,Moderate
1010,Fair,False,True,Low
1011,Good,True,True,Low
1012,Poor,True,True,High
1013,Good,False,False,Low
1014,Good,True,True,High
1015,Fair,False,False,Moderate
1016,Good,False,True,High
1017,Poor,True,True,Low
1018,Fair,True,False,Low
1019,Poor,True,False,Low
1020,Good,True,False,High
1021,Poor,False,False,Moderate
1022,Poor,False,True,Low
1023,Good,False,False,Low
1024,Fair,True,True,High
1025,Fair,True,True,Low
1026,Good,True,True,Low
1027,Good,True,False,Moderate
1028,Poor,False,False,Moderate
1029,Poor,False,True,High
1030,Poor,False,False,Moderate
1031,Good,True,False,Low
1032,Good,False,True,Moderate
1033,Good,False,False,Moderate
1034,Fair,False,False,Moderate
1035,Poor,False,False,High
1036,Poor,False,True,High
1037,Good,True,False,Low
1038,Poor,False,False,High
1039,Good,False,True,Moderate
1040,Fair,True,False,Low
1041,Fair,True,False,Moderate
1042,Fair,True,False,High
1043,Fair,False,False,Moderate
1044,Fair,False,False,Moderate
1045,Fair,False,True,High
1046,Good,False,True,Low
1047,Good,True,False,High
1048,Fair,False,False,Low
1049,Fair,False,False,High
1050,Poor,False,False,Low
1051,Good,True,False,Moderate
1052,Good,False,True,Moderate
1053,Good,True,True,Low
1054,Poor,True,False,Moderate
1055,Fair,True,True,Moderate
1056,Poor,False,True,High
1057,Good,True,False,Low
1058,Good,True,False,Low
1059,Poor,False,False,High
1060,Good,False,False,Low
1061,Good,True,True,Low
1062,Poor,True,True,High
1063,Fair,True,False,Low
1064,Good,False,False,High
1065,Fair,False,True,Low
1066,Fair,True,True,Moderate
1067,Fair,False,False,Low
1068,Poor,True,True,Low
1069,Good,True,True,Moderate
1070,Fair,False,False,High
1071,Fair,True,True,High
1072,Poor,False,False,High
1073,Fair,True,True,Moderate
1074,Fair,False,False,Low
1075,Poor,False,False,Low
1076,Poor,False,True,Moderate
1077,Good,True,False,Low
1078,Fair,True,False,High
1079,Good,True,True,High
1080,Good,True,True,Moderate
1081,Fair,False,False,Moderate
1082,Fair,False,False,Low
1083,Poor,True,False,Moderate
1084,Fair,True,False,Low
1085,Good,True,True,High
1086,Fair,True,True,High
1087,Poor,False,False,High
1088,Good,False,False,Low
1089,Good,True,True,High
1090,Good,False,False,High
1091,Fair,False,False,Moderate
1092,Poor,False,False,Low
1093,Fair,True,False,Moderate
1094,Fair,True,True,Low
1095,Good,True,False,High
1096,Good,False,True,Moderate
1097,Poor,False,True,Low
1098,Poor,True,True,Low
1099,Poor,False,True,Moderate
1100,Poor,True,False,High
1101,Fair,False,True,Low
1102,Poor,True,True,High
1103,Good,True,False,High
1104,Good,True,False,Low
1105,Fair,True,True,High
1106,Good,False,False,High
1107,Poor,True,True,Moderate
1108,Poor,False,False,Moderate
1109,Fair,False,True,High
1110,Fair,True,False,High
1111,Poor,True,True,Moderate
1112,Good,True,True,Moderate
1113,Good,True,True,Moderate
1114,Poor,False,False,High
1115,Poor,False,False,Low
1116,Poor,False,True,High
1117,Good,True,True,Moderate
1118,Poor,False,True,Low
1119,Poor,True,False,Moderate
1120,Fair,True,False,Low
1121,Poor,False,True,Low
1122,Poor,False,True,Moderate
1123,Fair,True,True,High
1124,Good,False,False,Low
1125,Poor,True,False,Moderate
1126,Good,True,False,Low
1127,Fair,True,False,Moderate
1128,Poor,False,False,High
1129,Good,False,False,Moderate
1130,Good,False,True,Moderate
1131,Poor,True,False,High
1132,Poor,False,False,Low
1133,Poor,True,True,High
1134,Fair,False,False,High
1135,Poor,False,True,High
1136,Fair,False,True,Moderate
1137,Good,False,True,Moderate
1138,Good,False,False,Moderate
1139,Fair,True,False,Low
1140,Fair,True,False,Low
1141,Fair,False,False,Moderate
1142,Fair,True,False,High
1143,Good,True,False,High
1144,Fair,False,True,Low
1145,Poor,False,False,Low
1146,Fair,False,True,High
1147,Poor,False,True,Low
1148,Poor,False,False,Moderate
1149,Fair,True,False,High
1150,Fair,True,True,Low
1151,Fair,False,False,High
1152,Good,True,False,Moderate
1153,Poor,True,False,Low
1154,Good,False,True,Low
1155,Fair,False,True,High
1156,Fair,True,False,High
1157,Fair,False,True,High
1158,Good,False,True,Moderate
1159,Poor,True,True,Low
1160,Fair,False,False,High
1161,Good,True,False,Low
1162,Poor,True,False,High
1163,Poor,True,True,Moderate
1164,Poor,False,True,Low
1165,Fair,True,True,High
1166,Good,True,True,High
1167,Fair,True,False,High
1168,Fair,True,False,Moderate
1169,Good,True,True,Low
1170,Poor,False,True,Low
1171,Poor,True,False,High
1172,Good,True,False,Low
1173,Fair,False,False,High
1174,Fair,True,True,Low
1175,Poor,True,True,Moderate
1176,Poor,True,False,Moderate
1177,Poor,True,True,High
1178,Poor,False,False,Moderate
1179,Fair,True,False,High
1180,Fair,True,True,Moderate
1181,Poor,False,True,Moderate
1182,Good,False,True,High
1183,Good,False,True,High
1184,Good,False,False,Low
1185,Poor,True,True,Moderate
1186,Good,False,True,Low
1187,Fair,True,False,Moderate
1188,Fair,True,False,Moderate
1189,Poor,False,False,Low
1190,Fair,True,False,Moderate
1191,Fair,False,True,Moderate
1192,Poor,False,True,High
1193,Good,False,False,Low
1194,Good,False,False,Moderate
1195,Good,False,True,High
1196,Poor,True,True,Moderate
1197,Fair,False,True,Moderate
1198,Good,True,True,Low
1199,Poor,False,False,Low
1200,Good,False,True,High
1201,Poor,False,False,High
1202,Good,False,True,Moderate
1203,Fair,True,False,High
1204,Good,False,True,Moderate
1205,Poor,True,True,Moderate
1206,Poor,True,False,Moderate
1207,Good,False,True,High
1208,Fair,False,True,Low
1209,Fair,False,True,High
1210,Good,False,True,High
1211,Fair,False,True,Moderate
1212,Good,False,False,Moderate
1213,Poor,True,False,Moderate
1214,Poor,False,False,Low
1215,Poor,True,False,Moderate
1216,Poor,True,False,Low
1217,Poor,False,False,High
1218,Fair,False,False,Low
1219,Fair,True,True,High
1220,Poor,True,False,High
1221,Good,True,True,Low
1222,Fair,True,False,Low
1223,Poor,True,False,Moderate
1224,Fair,False,True,Low
1225,Fair,True,True,Moderate
1226,Good,True,False,Moderate
1227,Good,True,False,Moderate
1228,Poor,False,False,High
1229,Good,True,True,Low
1230,Poor,False,False,High
1231,Good,True,False,High
1232,Fair,True,True,High
1233,Fair,True,True,Moderate
1234,Fair,True,True,High
1235,Good,True,True,High
1236,Fair,False,True,Low
1237,Fair,True,True,High
1238,Good,True,True,Moderate
1239,Fair,False,True,Moderate
1240,Poor,False,True,Low
1241,Poor,True,True,High
1242,Poor,True,False,Low
1243,Good,True,True,Moderate
1244,Poor,False,False,Moderate
1245,Fair,True,False,Low
1246,Good,False,False,Low
1247,Good,False,True,Moderate
1248,Good,True,True,Moderate
1249,Fair,False,True,Moderate
1250,Poor,False,True,Moderate
1251,Good,False,False,High
1252,Fair,False,True,Moderate
1253,Fair,True,False,High
1254,Fair,True,True,High
1255,Fair,False,True,Moderate
1256,Fair,False,False,High
1257,Poor,True,False,Low
1258,Fair,False,False,Low
1259,Fair,False,True,High
1260,Poor,True,True,Low
1261,Poor,True,False,High
1262,Good,True,True,Moderate
1263,Poor,False,True,High
1264,Good,False,True,High
1265,Poor,True,False,Moderate
1266,Good,True,True,Low
1267,Poor,False,False,High
1268,Fair,True,False,Low
1269,Fair,True,True,High
1270,Fair,False,True,Low
1271,Fair,True,False,Low
1272,Fair,True,True,High
1273,Poor,True,True,High
1274,Fair,False,True,Low
1275,Good,False,True,Low
1276,Poor,False,True,Low
1277,Poor,True,False,Moderate
1278,Fair,False,False,Low
1279,Fair,False,False,Moderate
1280,Fair,False,True,Low
1281,Good,True,False,High
1282,Fair,True,True,Moderate
1283,Fair,True,True,Low
1284,Fair,False,True,Moderate
1285,Good,True,False,Moderate
1286,Good,True,True,High
1287,Poor,False,False,Moderate
1288,Good,False,True,High
1289,Good,True,True,Moderate
1290,Poor,True,False,Moderate
1291,Poor,True,True,Low
1292,Fair,False,True,High
1293,Fair,False,True,Low
1294,Good,True,False,High
1295,Poor,False,False,Moderate
1296,Fair,True,False,High
1297,Good,False,True,Moderate
1298,Poor,True,False,Low
1299,Fair,True,False,Low
1300,Good,False,True,Moderate
1301,Poor,False,True,Moderate
1302,Fair,True,True,Low
1303,Good,False,False,Moderate
1304,Fair,False,False,Moderate
1305,Poor,True,False,High
1306,Fair,True,False,Moderate
1307,Good,False,False,Moderate
1308,Poor,False,True,Low
1309,Poor,False,False,Low
1310,Good,True,True,Moderate
1311,Fair,False,True,Moderate
1312,Poor,True,False,High
1313,Good,False,False,High
1314,Poor,True,False,Moderate
1315,Good,False,False,High
1316,Fair,True,True,High
1317,Good,True,False,High
1318,Poor,True,True,High
1319,Fair,False,True,Low
1320,Fair,False,True,High
1321,Good,False,False,Low
1322,Fair,True,False,Moderate
1323,Fair,False,False,Low
1324,Good,False,False,High
1325,Poor,False,True,Low
1326,Poor,True,False,High
1327,Fair,False,False,Low
1328,Good,True,True,High
1329,Fair,True,True,Low
1330,Poor,False,False,High
1331,Fair,False,True,Low
1332,Good,False,True,High
1333,Fair,True,False,Low
1334,Poor,True,False,High
1335,Good,False,False,Low
1336,Poor,True,True,Moderate
1337,Good,False,False,Low
1338,Poor,False,False,High
1339,Fair,True,True,Low
1340,Good,False,False,High
1341,Fair,True,False,High
1342,Good,True,True,Moderate
1343,Fair,False,False,High
1344,Good,True,False,Moderate
1345,Poor,True,False,Low
1346,Poor,True,True,Moderate
1347,Good,False,True,Moderate
1348,Poor,True,True,High
1349,Fair,True,True,Moderate
1350,Good,True,False,Low
1351,Good,True,True,High
1352,Good,True,True,Moderate
1353,Good,False,False,Moderate
1354,Poor,False,True,High
1355,Fair,False,True,High
1356,Good,True,True,High
1357,Good,True,False,High
1358,Good,True,True,High
1359,Fair,False,True,Moderate
1360,Poor,False,False,Moderate
1361,Fair,True,True,Low
1362,Poor,True,False,Low
1363,Good,True,False,Low
1364,Fair,True,False,Low
1365,Poor,False,True,Low
1366,Poor,True,False,Low
1367,Fair,True,True,Moderate
1368,Good,False,False,High
1369,Fair,False,True,Moderate
1370,Good,False,True,Low
1371,Poor,True,False,High
1372,Fair,True,False,Moderate
1373,Poor,False,True,High
1374,Poor,False,True,High
1375,Good,True,True,Moderate
1376,Poor,True,False,Low
1377,Poor,False,False,Moderate
1378,Good,True,False,High
1379,Good,False,False,Moderate
1380,Good,True,True,High
1381,Poor,False,False,Low
1382,Good,True,True,Moderate
1383,Fair,True,False,Moderate
1384,Fair,False,False,Moderate
1385,Poor,False,True,Moderate
1386,Good,True,False,High
1387,Fair,True,False,Moderate
1388,Fair,True,True,Low
1389,Fair,True,False,High
1390,Good,True,False,High
1391,Fair,False,True,Low
1392,Poor,False,False,High
1393,Good,False,False,Moderate
1394,Good,True,True,Moderate
1395,Good,True,True,Moderate
1396,Fair,False,True,High
1397,Good,True,True,Low
1398,Poor,False,True,Low
1399,Fair,False,True,Low
1400,Good,True,False,Low
1401,Poor,True,False,Moderate
1402,Good,False,True,High
1403,Fair,False,True,Moderate
1404,Good,True,True,High
1405,Good,False,True,Low
1406,Good,True,True,Low
1407,Fair,False,True,Low
1408,Good,True,True,Moderate
1409,Poor,True,False,High
1410,Fair,False,True,Low
1411,Good,True,True,Moderate
1412,Fair,False,True,Moderate
1413,Fair,True,False,Moderate
1414,Good,True,False,Moderate
1415,Fair,False,False,Low
1416,Good,False,True,High
1417,Fair,False,False,Low
1418,Poor,True,False,Low
1419,Good,False,True,Low
1420,Good,True,True,Moderate
1421,Good,False,True,High
1422,Poor,False,True,Low
1423,Fair,False,True,Low
1424,Poor,True,False,High
1425,Poor,True,True,Low
1426,Good,True,True,High
1427,Poor,True,True,Low
1428,Good,False,True,Moderate
1429,Good,True,False,Low
1430,Good,True,False,High
1431,Good,True,True,High
1432,Good,False,False,Moderate
1433,Fair,False,True,Moderate
1434,Poor,True,False,Low
1435,Poor,False,True,Low
1436,Fair,True,True,High
1437,Good,False,True,Moderate
1438,Fair,False,True,Moderate
1439,Good,True,True,Low
1440,Poor,False,True,Moderate
1441,Good,True,False,Moderate
1442,Good,True,True,Moderate
1443,Fair,False,False,Low
1444,Good,True,False,Low
1445,Good,True,False,Low
1446,Fair,False,True,Low
1447,Fair,False,True,Low
1448,Fair,False,True,Low
1449,Poor,True,True,Low
1450,Good,False,True,High
1451,Good,False,False,Low
1452,Poor,False,False,Low
1453,Fair,False,False,High
1454,Good,False,True,Moderate
1455,Good,True,False,Moderate
1456,Good,True,True,Low
1457,Good,False,True,Low
1458,Good,True,True,Moderate
1459,Good,True,True,Moderate
1460,Fair,True,False,High
1461,Poor,False,True,Low
1462,Fair,True,True,Low
1463,Poor,False,False,High
1464,Good,True,False,Moderate
1465,Poor,False,False,Moderate
1466,Good,True,True,High
1467,Poor,False,True,Low
1468,Fair,True,False,Low
1469,Fair,False,True,Moderate
1470,Fair,True,True,Low
1471,Good,False,False,Low
1472,Fair,False,True,Moderate
1473,Poor,False,True,High
1474,Fair,True,True,Moderate
1475,Good,True,True,Moderate
1476,Poor,True,False,Moderate
1477,Poor,True,True,High
1478,Poor,True,False,Low
1479,Poor,True,True,High
1480,Fair,False,False,Low
1481,Good,False,True,Moderate
1482,Good,False,True,Moderate
1483,Fair,True,True,High
1484,Poor,False,False,High
1485,Poor,False,False,Moderate
1486,Poor,True,False,Low
1487,Fair,True,False,High
1488,Good,True,False,Moderate
1489,Good,True,True,Low
1490,Poor,True,True,Low
1491,Good,False,True,High
1492,Good,True,False,Moderate
1493,Fair,True,True,Low
1494,Poor,True,True,Moderate
1495,Fair,True,False,High
1496,Fair,True,False,Moderate
1497,Fair,False,True,Low
1498,Good,True,True,High
1499,Good,False,False,Low
1500,Good,False,False,High
1501,Good,False,True,Low
1502,Poor,True,True,Moderate
1503,Fair,False,False,Moderate
1504,Good,False,False,Low
1505,Poor,True,False,Moderate
1506,Fair,True,True,Moderate
1507,Poor,False,False,High
1508,Fair,False,False,Low
1509,Good,False,True,Moderate
1510,Fair,True,False,Low
1511,Fair,True,False,High
1512,Good,False,False,Low
1513,Good,True,True,High
1514,Fair,False,True,Moderate
1515,Fair,False,True,Moderate
1516,Good,True,False,High
1517,Good,True,True,Moderate
1518,Good,True,False,Low
1519,Poor,True,True,Low
1520,Fair,False,False,High
1521,Poor,True,False,Low
1522,Poor,False,True,Moderate
1523,Poor,False,True,Low
1524,Good,True,False,Moderate
1525,Poor,True,True,Low
1526,Poor,False,True,Low
1527,Fair,True,True,Moderate
1528,Fair,False,False,High
1529,Fair,False,True,High
1530,Poor,False,False,High
1531,Good,False,True,High
1532,Good,True,False,High
1533,Fair,False,True,Moderate
1534,Poor,False,False,High
1535,Good,True,False,High
1536,Fair,True,False,High
1537,Poor,True,False,High
1538,Poor,True,True,Moderate
1539,Poor,True,True,Low
1540,Poor,True,True,Low
1541,Good,True,False,High
1542,Poor,True,False,Moderate
1543,Fair,True,True,High
1544,Fair,True,True,Moderate
1545,Fair,True,False,High
1546,Good,True,True,Moderate
1547,Poor,False,False,Moderate
1548,Fair,False,False,High
1549,Fair,True,True,Moderate
1550,Poor,False,True,High
1551,Poor,True,False,Low
1552,Poor,True,True,Low
1553,Good,True,False,High
1554,Good,True,True,High
1555,Poor,False,False,High
1556,Fair,True,False,Low
1557,Good,False,True,Low
1558,Fair,False,True,Low
1559,Fair,False,True,Low
1560,Poor,True,False,Low
1561,Poor,False,False,High
1562,Fair,True,True,Moderate
1563,Good,True,True,Moderate
1564,Good,False,False,High
1565,Fair,False,False,Moderate
1566,Good,True,False,High
1567,Fair,False,False,Low
1568,Good,False,False,Low
1569,Good,True,False,Moderate
1570,Good,False,True,Low
1571,Good,True,False,Moderate
1572,Fair,True,False,Low
1573,Poor,False,False,High
1574,Poor,True,True,Low
1575,Fair,False,False,Low
1576,Fair,False,False,High
1577,Good,False,True,Moderate
1578,Fair,True,False,Low
1579,Poor,True,False,Moderate
1580,Good,False,True,Low
1581,Poor,True,False,Moderate
1582,Good,False,False,Low
1583,Fair,True,True,Moderate
1584,Good,True,True,Low
1585,Poor,True,True,Moderate
1586,Good,True,False,High
1587,Good,True,False,High
1588,Poor,True,False,High
1589,Good,False,False,Low
1590,Good,True,True,Moderate
1591,Good,False,False,Moderate
1592,Poor,False,True,Moderate
1593,Fair,True,True,High
1594,Fair,False,False,Low
1595,Good,False,False,High
1596,Good,True,True,High
1597,Poor,True,True,High
1598,Fair,False,False,Moderate
1599,Fair,True,True,Low
1600,Fair,True,False,Moderate
1601,Good,True,False,Moderate
1602,Fair,False,True,Moderate
1603,Poor,True,False,Low
1604,Poor,False,True,High
1605,Good,True,False,Moderate
1606,Poor,False,True,Moderate
1607,Good,False,False,Low
1608,Fair,False,True,Moderate
1609,Good,True,True,High
1610,Fair,True,False,High
1611,Fair,False,False,Low
1612,Fair,False,False,Moderate
1613,Fair,True,False,Low
1614,Fair,False,False,Low
1615,Poor,False,True,Moderate
1616,Poor,False,True,Low
1617,Fair,False,True,Low
1618,Poor,True,False,High
1619,Fair,False,True,High
1620,Poor,False,False,Moderate
1621,Poor,False,False,High
1622,Good,True,False,Low
1623,Fair,False,False,Low
1624,Good,True,False,High
1625,Good,True,True,Low
1626,Poor,False,False,High
1627,Poor,True,False,Low
1628,Fair,False,False,Low
1629,Good,True,False,Low
1630,Poor,False,True,Low
1631,Poor,True,False,High
1632,Good,False,False,Moderate
1633,Fair,False,False,High
1634,Poor,False,False,Low
1635,Fair,True,False,Low
1636,Fair,True,False,Low
1637,Fair,True,True,Low
1638,Poor,False,False,High
1639,Fair,False,True,Low
1640,Fair,False,False,Moderate
1641,Poor,False,True,Moderate
1642,Poor,False,True,High
1643,Poor,False,False,Low
1644,Poor,True,True,Moderate
1645,Poor,True,False,Low
1646,Poor,False,False,Low
1647,Good,True,False,High
1648,Poor,True,True,Moderate
1649,Poor,True,False,Low
1650,Fair,True,False,Moderate
1651,Good,False,False,Low
1652,Poor,True,False,High
1653,Poor,True,False,Low
1654,Poor,False,True,Moderate
1655,Good,True,False,Low
1656,Good,True,False,Low
1657,Fair,True,False,Low
1658,Good,False,False,High
1659,Good,True,False,Low
1660,Poor,False,True,High
1661,Fair,False,True,Moderate
1662,Fair,False,True,High
1663,Good,False,True,High
1664,Good,True,False,High
1665,Poor,True,False,Low
1666,Poor,False,True,Moderate
1667,Good,False,False,Moderate
1668,Poor,True,False,Moderate
1669,Good,True,True,Moderate
1670,Good,False,False,High
1671,Poor,True,False,Low
1672,Good,False,True,Low
1673,Good,True,True,Low
1674,Good,False,False,Low
1675,Poor,False,True,High
1676,Poor,True,False,Low
1677,Fair,False,True,High
1678,Poor,False,True,High
1679,Poor,False,True,Low
1680,Good,True,False,Moderate
1681,Poor,True,True,Low
1682,Poor,True,True,Low
1683,Good,False,True,Low
1684,Poor,True,False,Low
1685,Good,True,False,High
1686,Poor,True,False,Low
1687,Good,True,False,Low
1688,Fair,True,False,High
1689,Poor,False,False,Low
1690,Poor,True,True,Moderate
1691,Poor,True,True,Moderate
1692,Poor,False,True,Low
1693,Fair,True,True,Low
1694,Good,False,True,High
1695,Poor,True,False,High
1696,Fair,True,True,Low
1697,Poor,False,True,Low
1698,Fair,True,False,High
1699,Fair,False,False,Moderate
1700,Fair,True,True,High
1701,Good,True,True,Low
1702,Good,True,False,Moderate
1703,Good,False,True,High
1704,Good,False,True,Moderate
1705,Fair,True,True,High
1706,Fair,False,True,High
1707,Poor,True,True,High
1708,Fair,False,False,Moderate
1709,Poor,True,True,Low
1710,Good,False,False,High
1711,Fair,False,False,Low
1712,Good,True,False,Low
1713,Poor,False,True,Low
1714,Fair,False,False,High
1715,Poor,False,True,High
1716,Poor,False,True,Moderate
1717,Fair,False,True,Moderate
1718,Fair,True,True,Moderate
1719,Good,True,False,Low
1720,Fair,True,False,High
1721,Poor,True,True,Low
1722,Poor,False,False,High
1723,Good,False,True,High
1724,Poor,False,False,High
1725,Good,True,True,Moderate
1726,Good,True,False,High
1727,Good,False,False,Low
1728,Fair,True,False,High
1729,Fair,False,True,Low
1730,Good,True,True,High
1731,Fair,True,False,Low
1732,Good,True,True,High
1733,Good,False,False,Low
1734,Good,False,False,Low
1735,Poor,False,False,Moderate
1736,Poor,True,True,Moderate
1737,Fair,False,False,Low
1738,Poor,False,False,High
1739,Good,True,True,Moderate
1740,Good,False,True,High
1741,Poor,False,False,Low
1742,Good,False,True,Low
1743,Fair,True,True,Low
1744,Poor,True,False,High
1745,Poor,True,True,Low
1746,Poor,False,False,Low
1747,Good,True,False,Moderate
1748,Fair,True,False,High
1749,Fair,True,False,High
1750,Poor,False,True,Moderate
1751,Good,True,True,Moderate
1752,Fair,False,True,Low
1753,Fair,True,False,Low
1754,Fair,True,False,Moderate
1755,Fair,False,True,High
1756,Fair,False,True,Low
1757,Good,True,True,Moderate
1758,Good,False,True,High
1759,Poor,False,False,High
1760,Good,False,True,Low
1761,Good,False,True,High
1762,Good,True,False,High
1763,Poor,True,True,Low
1764,Good,True,False,High
1765,Fair,True,False,Low
1766,Poor,True,False,Moderate
1767,Good,False,False,Low
1768,Fair,True,True,Low
1769,Poor,True,True,Low
1770,Good,True,True,High
1771,Good,False,True,Low
1772,Poor,True,False,Moderate
1773,Poor,True,False,High
1774,Poor,True,True,Moderate
1775,Poor,False,False,Low
1776,Poor,True,True,Low
1777,Fair,True,False,Moderate
1778,Poor,False,True,Low
1779,Good,True,True,Low
1780,Good,False,False,Moderate
1781,Poor,True,False,Moderate
1782,Good,True,False,Low
1783,Good,False,False,Low
1784,Poor,False,True,Low
1785,Fair,True,False,Low
1786,Fair,False,True,High
1787,Fair,True,True,Moderate
1788,Poor,True,True,Moderate
1789,Fair,True,False,High
1790,Good,False,False,Moderate
1791,Good,True,True,High
1792,Good,True,True,Low
1793,Poor,False,False,Moderate
1794,Poor,False,True,High
1795,Fair,True,True,Moderate
1796,Fair,False,True,Low
1797,Good,True,False,High
1798,Poor,True,False,Low
1799,Good,False,True,High
1800,Fair,True,False,Low
1801,Good,False,False,High
1802,Poor,True,True,High
1803,Good,False,False,Low
1804,Fair,False,True,Moderate
1805,Poor,True,False,Moderate
1806,Fair,False,False,Low
1807,Poor,False,True,Moderate
1808,Fair,True,True,High
1809,Poor,False,True,Moderate
1810,Good,True,False,Moderate
1811,Fair,True,False,High
1812,Fair,True,True,High
1813,Poor,False,True,Low
1814,Poor,False,False,Moderate
1815,Fair,True,True,Low
1816,Good,True,False,Moderate
1817,Good,True,True,Moderate
1818,Poor,False,True,Moderate
1819,Fair,True,False,Low
1820,Poor,True,False,High
1821,Good,True,False,High
1822,Fair,True,False,High
1823,Fair,False,False,Moderate
1824,Fair,False,True,Moderate
1825,Fair,False,True,Low
1826,Fair,True,False,High
1827,Poor,True,False,Low
1828,Good,False,False,Low
1829,Poor,True,True,High
1830,Fair,True,True,High
1831,Poor,False,False,Low
1832,Good,True,True,Low
1833,Poor,False,False,High
1834,Good,True,True,High
1835,Poor,False,False,Low
1836,Poor,True,False,Low
1837,Fair,True,False,High
1838,Poor,False,False,Low
1839,Good,False,False,Moderate
1840,Good,False,False,High
1841,Poor,False,True,High
1842,Poor,False,False,Low
1843,Poor,False,False,Low
1844,Fair,False,True,Low
1845,Fair,True,False,Low
1846,Good,False,True,Moderate
1847,Fair,False,False,High
1848,Fair,True,False,Low
1849,Fair,True,False,High
1850,Good,True,False,High
1851,Poor,False,False,High
1852,Good,False,True,Low
1853,Good,True,True,Moderate
1854,Fair,False,False,Moderate
1855,Fair,True,False,Low
1856,Fair,False,True,High
1857,Poor,True,False,Low
1858,Poor,True,False,Low
1859,Fair,True,False,Low
1860,Poor,True,True,Moderate
1861,Fair,False,False,Low
1862,Poor,True,True,Low
1863,Fair,False,False,Low
1864,Fair,False,True,Moderate
1865,Fair,True,False,Moderate
1866,Poor,False,False,High
1867,Poor,True,False,Low
1868,Poor,True,False,Low
1869,Good,True,False,Moderate
1870,Good,False,False,High
1871,Poor,True,False,Moderate
1872,Poor,False,True,High
1873,Fair,False,True,Moderate
1874,Good,True,False,High
1875,Fair,True,False,Low
1876,Fair,True,False,Low
1877,Good,False,True,Moderate
1878,Fair,False,True,High
1879,Poor,True,True,High
1880,Poor,False,False,High
1881,Fair,False,True,High
1882,Poor,True,True,Low
1883,Poor,False,True,High
1884,Fair,False,True,High
1885,Poor,False,False,Low
1886,Good,True,False,Moderate
1887,Poor,False,True,Moderate
1888,Good,True,True,Low
1889,Poor,True,False,High
1890,Poor,False,False,Low
1891,Good,False,False,Low
1892,Fair,True,True,Low
1893,Good,True,True,High
1894,Poor,True,True,Low
1895,Good,True,True,High
1896,Poor,True,True,High
1897,Fair,False,True,Low
1898,Good,False,False,High
1899,Poor,False,True,High
1900,Poor,False,True,Low
1901,Poor,True,True,Low
1902,Fair,False,False,High
1903,Poor,False,False,Low
1904,Good,True,True,Moderate
1905,Poor,False,False,Low
1906,Good,False,True,Moderate
1907,Good,False,True,Low
1908,Good,False,True,Moderate
1909,Good,True,False,Low
1910,Good,False,True,Moderate
1911,Fair,False,True,Low
1912,Poor,False,False,Low
1913,Good,True,False,High
1914,Poor,False,True,High
1915,Poor,True,False,Low
1916,Good,False,True,High
1917,Fair,False,False,Moderate
1918,Poor,True,False,High
1919,Poor,False,True,Low
1920,Poor,False,True,High
1921,Good,True,True,Low
1922,Good,False,True,Moderate
1923,Fair,True,False,High
1924,Good,True,False,Low
1925,Good,True,True,Moderate
1926,Good,False,True,Moderate
1927,Poor,False,True,Moderate
1928,Poor,False,True,Low
1929,Poor,False,True,Low
1930,Fair,True,False,Low
1931,Fair,False,False,Low
1932,Fair,True,True,Moderate
1933,Poor,False,True,Moderate
1934,Good,True,False,High
1935,Fair,False,False,High
1936,Fair,True,False,Moderate
1937,Poor,False,False,High
1938,Good,False,False,High
1939,Good,False,False,Moderate
1940,Fair,True,False,High
1941,Good,False,False,Moderate
1942,Fair,True,True,Low
1943,Poor,False,False,High
1944,Good,True,False,High
1945,Poor,False,True,Low
1946,Poor,True,False,Low
1947,Good,True,True,High
1948,Poor,True,False,Moderate
1949,Good,False,True,Moderate
1950,Good,True,False,Low
1951,Good,False,True,Moderate
1952,Poor,True,True,Moderate
1953,Good,False,False,Low
1954,Poor,False,False,High
1955,Fair,True,False,High
1956,Fair,True,False,Moderate
1957,Good,True,False,Low
1958,Fair,True,True,High
1959,Fair,False,False,Moderate
1960,Good,True,True,Moderate
1961,Fair,True,True,Moderate
1962,Fair,True,False,High
1963,Good,True,True,Moderate
1964,Fair,False,False,Moderate
1965,Good,False,True,Low
1966,Fair,False,False,High
1967,Fair,True,True,High
1968,Poor,False,False,High
1969,Good,False,True,Moderate
1970,Good,False,False,High
1971,Poor,False,False,Moderate
1972,Good,False,False,High
1973,Good,False,False,Moderate
1974,Good,False,False,Moderate
1975,Poor,False,True,Moderate
1976,Good,False,True,High
1977,Fair,False,False,High
1978,Poor,False,True,Moderate
1979,Poor,False,False,High
1980,Fair,False,False,Low
1981,Fair,True,False,Moderate
1982,Good,False,False,Moderate
1983,Fair,False,False,High
1984,Good,True,False,High
1985,Fair,False,False,Low
1986,Good,True,True,Moderate
1987,Good,False,True,Moderate
1988,Good,True,True,Low
1989,Good,False,True,Low
1990,Good,True,True,High
1991,Fair,False,False,Moderate
1992,Fair,False,False,Moderate
1993,Fair,False,True,High
1994,Fair,True,False,Low
1995,Poor,True,False,High
1996,Fair,False,True,High
1997,Fair,False,False,Low
1998,Poor,False,True,Moderate
1999,Good,False,False,Low
2000,Fair,False,True,Low
2001,Fair,True,True,Moderate
2002,Good,True,True,Low
2003,Fair,True,False,High
2004,Poor,True,False,Moderate
2005,Poor,False,True,Moderate
2006,Fair,True,True,Moderate
2007,Good,True,False,Moderate
2008,Poor,False,False,Moderate
2009,Good,False,False,Low
2010,Good,True,False,Low
2011,Good,True,False,Low
2012,Fair,True,False,Moderate
2013,Fair,True,False,Low
2014,Fair,True,False,Low
2015,Good,True,False,Moderate
2016,Fair,False,True,Moderate
2017,Fair,False,False,High
2018,Good,False,True,Low
2019,Good,True,True,Moderate
2020,Good,False,False,Low
2021,Fair,False,True,Moderate
2022,Fair,True,False,Moderate
2023,Poor,True,True,Low
2024,Poor,True,False,Low
2025,Poor,True,True,High
2026,Good,True,True,Low
2027,Fair,True,True,Moderate
2028,Good,False,False,High
2029,Poor,False,False,Low
2030,Fair,True,False,Low
2031,Poor,False,False,High
2032,Fair,True,True,Low
2033,Fair,False,True,High
2034,Poor,True,True,Moderate
2035,Poor,True,False,High
2036,Good,False,False,Moderate
2037,Poor,False,True,Low
2038,Fair,False,False,Moderate
2039,Fair,False,True,Moderate
2040,Poor,True,False,High
2041,Good,True,True,High
2042,Fair,False,True,High
2043,Fair,False,True,Low
2044,Good,True,False,Moderate
2045,Fair,True,False,High
2046,Fair,True,True,Low
2047,Good,True,True,Moderate
2048,Good,True,False,High
2049,Fair,False,True,Low
2050,Good,True,True,High
2051,Poor,False,True,Low
2052,Poor,False,True,High
2053,Poor,True,True,Moderate
2054,Good,True,False,High
2055,Poor,False,True,High
2056,Fair,False,True,Low
2057,Fair,False,True,Low
2058,Poor,True,True,Low
2059,Poor,False,True,High
2060,Good,False,False,High
2061,Fair,False,False,High
2062,Good,False,False,High
2063,Fair,True,False,High
2064,Good,False,True,Low
2065,Good,True,False,Moderate
2066,Good,True,True,Low
2067,Good,False,True,High
2068,Good,False,False,Low
2069,Poor,False,False,High
2070,Fair,True,False,Low
2071,Poor,True,True,Moderate
2072,Poor,False,False,High
2073,Fair,False,False,Moderate
2074,Poor,True,True,Moderate
2075,Fair,False,True,High
2076,Poor,True,False,Moderate
2077,Good,False,False,Low
2078,Good,False,True,High
2079,Good,True,False,Low
2080,Poor,True,False,High
2081,Fair,False,True,Low
2082,Fair,False,True,Moderate
2083,Good,True,True,Low
2084,Fair,False,True,Moderate
2085,Good,True,False,Moderate
2086,Good,False,False,High
2087,Good,False,False,Moderate
2088,Poor,True,True,Low
2089,Poor,True,False,High
2090,Poor,False,False,High
2091,Good,False,False,High
2092,Good,False,True,Low
2093,Fair,True,True,Moderate
2094,Good,False,False,Moderate
2095,Poor,False,True,High
2096,Good,False,True,Low
2097,Good,False,False,Moderate
2098,Poor,False,False,Low
2099,Fair,True,True,Moderate
2100,Good,True,True,High
2101,Good,False,False,High
2102,Fair,False,True,Low
2103,Fair,True,True,High
2104,Poor,False,False,Low
2105,Fair,False,True,Low
2106,Fair,True,False,Moderate
2107,Good,False,False,Moderate
2108,Poor,False,True,High
2109,Fair,False,False,Moderate
2110,Poor,True,False,Low
2111,Fair,False,True,Moderate
2112,Poor,True,False,Moderate
2113,Good,False,False,Low
2114,Poor,True,True,Moderate
2115,Good,True,False,Low
2116,Fair,False,True,Moderate
2117,Fair,False,True,High
2118,Poor,True,True,High
2119,Fair,True,False,Moderate
2120,Fair,True,True,Moderate
2121,Good,True,False,High
2122,Poor,False,True,High
2123,Poor,True,True,Low
2124,Good,True,True,Low
2125,Poor,False,False,Low
2126,Fair,False,False,High
2127,Fair,False,True,High
2128,Poor,True,False,High
2129,Fair,False,False,High
2130,Fair,True,True,Moderate
2131,Poor,False,False,Low
2132,Poor,False,False,Low
2133,Poor,False,True,High
2134,Fair,False,True,High
2135,Good,True,True,Moderate
2136,Poor,False,False,Low
2137,Poor,True,True,Low
2138,Poor,True,False,High
2139,Poor,False,False,High
2140,Good,False,True,Low
2141,Fair,True,True,High
2142,Fair,True,False,Moderate
2143,Fair,False,False,Moderate
2144,Good,True,True,Moderate
2145,Good,True,False,Low
2146,Fair,False,False,Low
2147,Poor,False,False,High
2148,Good,True,False,Low
2149,Poor,False,True,Low
2150,Good,True,True,Low
2151,Good,False,True,High
2152,Fair,False,True,Moderate
2153,Good,True,False,High
2154,Good,True,True,Low
2155,Poor,True,False,Moderate
2156,Good,True,False,High
2157,Fair,False,True,Moderate
2158,Fair,True,False,High
2159,Fair,False,True,High
2160,Good,False,False,Moderate
2161,Fair,True,False,Low
2162,Poor,True,False,Low
2163,Good,False,True,High
2164,Fair,False,True,Low
2165,Fair,True,False,Moderate
2166,Poor,True,True,High
2167,Poor,True,True,Moderate
2168,Poor,False,False,Moderate
2169,Good,False,False,High
2170,Poor,False,False,High
2171,Fair,False,False,Moderate
2172,Poor,True,False,Low
2173,Fair,True,False,Low
2174,Fair,False,False,High
2175,Poor,True,False,Moderate
2176,Poor,True,False,Low
2177,Poor,False,False,Low
2178,Fair,True,False,Low
2179,Good,True,True,Low
2180,Fair,True,False,High
2181,Poor,False,True,Low
2182,Poor,False,False,High
2183,Fair,False,True,Low
2184,Fair,True,True,Moderate
2185,Poor,False,False,High
2186,Good,True,False,Moderate
2187,Good,True,False,High
2188,Poor,False,False,Moderate
2189,Good,False,True,Moderate
2190,Fair,True,False,Low
2191,Fair,True,False,High
2192,Poor,False,True,Moderate
2193,Poor,False,False,High
2194,Fair,True,False,High
2195,Fair,False,True,High
2196,Fair,True,True,Low
2197,Good,True,False,Moderate
2198,Fair,False,False,Moderate
2199,Good,False,False,Low
2200,Poor,False,True,Low
2201,Poor,True,True,Low
2202,Fair,True,True,High
2203,Good,True,True,Low
2204,Good,False,False,High
2205,Good,False,False,Low
2206,Poor,False,True,Moderate
2207,Poor,True,False,Moderate
2208,Good,True,True,Low
2209,Fair,True,True,High
2210,Fair,True,False,Moderate
2211,Poor,False,False,Low
2212,Fair,True,False,Moderate
2213,Fair,False,True,High
2214,Fair,False,False,High
2215,Good,False,True,High
2216,Good,True,True,Low
2217,Fair,False,True,Low
2218,Good,True,False,Moderate
2219,Good,False,False,High
2220,Poor,False,False,Low
2221,Good,False,True,High
2222,Good,True,False,Low
2223,Poor,True,False,Moderate
2224,Good,False,True,High
2225,Good,True,False,Low
2226,Poor,True,True,Moderate
2227,Good,False,False,Moderate
2228,Fair,True,False,Low
2229,Good,True,False,High
2230,Good,False,True,High
2231,Poor,False,True,Moderate
2232,Poor,True,True,Low
2233,Good,False,False,Low
2234,Good,True,True,High
2235,Poor,True,False,High
2236,Good,True,False,Low
2237,Poor,False,True,Moderate
2238,Poor,False,True,Low
2239,Poor,True,False,Low
2240,Good,True,True,Moderate
2241,Poor,False,False,Moderate
2242,Fair,True,True,High
2243,Fair,True,False,Low
2244,Good,True,True,Moderate
2245,Good,True,False,High
2246,Good,True,True,Low
2247,Good,False,False,High
2248,Fair,True,True,Low
2249,Good,False,True,Moderate
2250,Good,True,True,High
2251,Fair,False,False,Moderate
2252,Fair,True,False,Moderate
2253,Good,True,False,Low
2254,Poor,True,True,Low
2255,Good,False,True,High
2256,Fair,True,False,Low
2257,Poor,False,False,High
2258,Fair,False,True,Low
2259,Poor,False,True,Low
2260,Good,True,True,High
2261,Poor,True,False,High
2262,Good,False,False,Low
2263,Fair,True,False,Moderate
2264,Poor,True,True,Moderate
2265,Fair,False,True,Moderate
2266,Fair,True,False,High
2267,Fair,True,True,Low
2268,Fair,False,True,High
2269,Fair,False,False,High
2270,Fair,True,False,Low
2271,Fair,True,True,Moderate
2272,Good,True,False,Low
2273,Poor,True,False,High
2274,Fair,False,False,Moderate
2275,Fair,False,False,Low
2276,Poor,False,True,Low
2277,Poor,True,True,High
2278,Fair,True,False,High
2279,Poor,False,False,Low
2280,Poor,True,False,High
2281,Poor,True,True,High
2282,Poor,True,True,Moderate
2283,Good,False,False,Low
2284,Fair,True,True,High
2285,Fair,True,False,Moderate
2286,Good,False,True,Low
2287,Good,False,True,High
2288,Poor,True,False,Moderate
2289,Fair,False,True,High
2290,Poor,True,False,High
2291,Poor,True,True,High
2292,Poor,True,False,Moderate
2293,Fair,True,False,High
2294,Poor,True,True,Low
2295,Good,True,True,Low
2296,Fair,False,False,High
2297,Poor,False,True,Moderate
2298,Good,True,False,Low
2299,Poor,True,True,Moderate
2300,Fair,True,False,High
2301,Good,False,False,Moderate
2302,Good,True,True,Low
2303,Fair,True,False,Low
2304,Fair,True,False,High
2305,Poor,False,True,High
2306,Poor,False,False,High
2307,Poor,False,True,Low
2308,Fair,False,False,High
2309,Good,False,False,Moderate
2310,Good,True,False,Low
2311,Fair,False,False,Moderate
2312,Good,True,True,Moderate
2313,Fair,False,False,Moderate
2314,Fair,False,True,High
2315,Fair,False,False,Low
2316,Poor,True,False,Moderate
2317,Good,True,False,Moderate
2318,Fair,True,True,Low
2319,Fair,True,False,Moderate
2320,Poor,False,True,High
2321,Fair,True,False,High
2322,Fair,False,False,Moderate
2323,Good,True,True,Low
2324,Poor,True,False,High
2325,Good,False,True,High
2326,Poor,True,True,Moderate
2327,Good,True,False,Moderate
2328,Poor,True,False,Low
2329,Poor,True,True,Low
2330,Poor,True,True,Moderate
2331,Good,False,True,Low
2332,Poor,True,True,Moderate
2333,Good,False,True,Moderate
2334,Poor,True,True,Low
2335,Fair,False,False,High
2336,Poor,True,True,Low
2337,Good,True,True,Moderate
2338,Fair,True,False,Moderate
2339,Fair,False,False,High
2340,Poor,False,False,Low
2341,Good,False,False,Moderate
2342,Poor,True,False,Moderate
2343,Fair,False,False,High
2344,Fair,True,True,Low
2345,Good,True,False,Moderate
2346,Fair,True,True,High
2347,Fair,False,True,Moderate
2348,Good,True,False,Low
2349,Good,False,False,Moderate
2350,Good,False,True,Low
2351,Good,True,False,Moderate
2352,Poor,False,True,High
2353,Good,True,True,Moderate
2354,Poor,True,False,Low
2355,Fair,False,False,High
2356,Poor,True,True,High
2357,Poor,True,True,High
2358,Poor,False,False,Low
2359,Fair,True,False,Moderate
2360,Good,True,True,Low
2361,Good,True,False,Moderate
2362,Fair,False,True,Low
2363,Poor,False,True,Low
2364,Poor,True,False,Moderate
2365,Fair,False,True,Low
2366,Fair,True,True,Low
2367,Fair,False,False,Low
2368,Good,True,True,Low
2369,Poor,True,True,Moderate
2370,Fair,True,False,Moderate
2371,Fair,False,True,Moderate
2372,Poor,False,True,Moderate
2373,Poor,True,True,Moderate
2374,Poor,True,True,Moderate
2375,Good,True,False,Low
2376,Poor,False,True,Low
2377,Fair,False,True,Low
2378,Poor,True,True,Moderate
2379,Fair,True,True,Low
2380,Good,False,False,High
2381,Poor,False,False,Moderate
2382,Fair,True,True,High
2383,Poor,False,False,Low
2384,Fair,False,True,Low
2385,Poor,True,True,High
2386,Poor,False,False,High
2387,Good,True,True,High
2388,Poor,True,True,Moderate
2389,Poor,True,True,Low
2390,Good,True,True,Moderate
2391,Fair,False,False,Moderate
2392,Poor,True,False,High
2393,Fair,True,False,High
2394,Poor,True,False,Moderate
2395,Fair,False,False,Low
2396,Poor,True,True,Moderate
2397,Good,True,True,Low
2398,Poor,False,False,Moderate
2399,Good,True,False,Low
2400,Fair,True,True,High
2401,Good,False,False,Moderate
2402,Fair,True,False,Low
2403,Fair,True,True,Moderate
2404,Good,False,False,Low
2405,Fair,True,False,High
2406,Good,True,False,Moderate
2407,Poor,True,False,Low
2408,Poor,True,True,Low
2409,Fair,True,False,Low
2410,Poor,True,True,Moderate
2411,Fair,False,True,High
2412,Fair,True,False,High
2413,Good,True,False,High
2414,Fair,True,False,High
2415,Good,True,True,Moderate
2416,Good,False,True,Low
2417,Good,True,True,High
2418,Poor,True,True,Low
2419,Good,True,True,Moderate
2420,Poor,False,True,Moderate
2421,Good,False,True,Low
2422,Good,True,True,Moderate
2423,Poor,True,False,Low
2424,Poor,True,False,Moderate
2425,Good,True,False,Moderate
2426,Good,False,True,Moderate
2427,Poor,False,False,Low
2428,Poor,False,True,High
2429,Poor,False,False,Low
2430,Poor,False,True,Moderate
2431,Fair,True,True,Moderate
2432,Good,False,True,Moderate
2433,Poor,False,False,Low
2434,Good,False,True,High
2435,Good,True,False,Moderate
2436,Good,True,True,High
2437,Fair,False,False,High
2438,Fair,False,True,High
2439,Fair,True,True,Low
2440,Poor,False,True,Low
2441,Poor,False,True,Moderate
2442,Poor,True,False,Moderate
2443,Poor,False,True,Low
2444,Poor,True,False,Moderate
2445,Good,False,True,Low
2446,Good,True,True,High
2447,Poor,True,False,Moderate
2448,Fair,True,True,Moderate
2449,Fair,False,True,Low
2450,Good,True,True,Moderate
2451,Good,True,True,Moderate
2452,Good,True,False,High
2453,Poor,False,True,Low
2454,Good,False,True,High
2455,Fair,False,True,Moderate
2456,Good,False,False,High
2457,Fair,False,True,Moderate
2458,Poor,True,False,Low
2459,Poor,True,False,High
2460,Good,False,False,Moderate
2461,Good,True,False,High
2462,Poor,False,True,High
2463,Good,True,False,Low
2464,Good,False,False,Moderate
2465,Fair,True,False,High
2466,Fair,False,False,Low
2467,Fair,True,False,High
2468,Poor,True,False,Moderate
2469,Good,True,False,Low
2470,Good,False,False,High
2471,Good,True,False,Low
2472,Poor,True,True,Moderate
2473,Good,False,False,High
2474,Good,False,True,Moderate
2475,Poor,False,False,High
2476,Fair,True,True,High
2477,Poor,True,True,High
2478,Fair,True,False,Moderate
2479,Poor,True,True,Moderate
2480,Good,True,False,High
2481,Poor,True,False,Low
2482,Fair,True,False,Moderate
2483,Poor,True,True,Moderate
2484,Good,True,True,Low
2485,Poor,True,True,High
2486,Poor,True,False,Low
2487,Good,True,True,High
2488,Good,True,True,Moderate
2489,Fair,False,True,Low
2490,Good,True,True,Low
2491,Good,False,True,High
2492,Fair,True,False,Moderate
2493,Poor,True,True,Moderate
2494,Fair,True,False,High
2495,Fair,True,True,High
2496,Fair,False,True,High
2497,Fair,True,False,Moderate
2498,Good,False,True,Low
2499,Fair,True,False,High
2500,Good,False,True,Moderate
2501,Good,False,False,High
2502,Fair,False,True,High
2503,Good,False,False,Low
2504,Good,True,False,Moderate
2505,Good,False,True,High
2506,Poor,False,True,Low
2507,Good,False,False,High
2508,Fair,True,True,Moderate
2509,Good,True,True,Low
2510,Fair,False,True,Moderate
2511,Poor,True,True,High
2512,Good,True,True,Moderate
2513,Poor,False,False,High
2514,Poor,False,True,High
2515,Fair,False,False,High
2516,Fair,True,False,Moderate
2517,Good,False,True,Moderate
2518,Poor,False,False,Moderate
2519,Fair,True,False,High
2520,Good,False,False,Low
2521,Poor,False,True,Low
2522,Good,False,False,Moderate
2523,Poor,True,True,High
2524,Good,False,True,Low
2525,Fair,False,True,High
2526,Fair,True,True,Low
2527,Fair,False,True,Moderate
2528,Good,False,False,Low
2529,Poor,True,True,Moderate
2530,Good,False,False,Low
2531,Fair,True,True,High
2532,Good,False,False,High
2533,Fair,True,False,Low
2534,Good,True,True,High
2535,Good,False,False,Moderate
2536,Good,True,True,Low
2537,Fair,False,True,High
2538,Fair,False,False,High
2539,Fair,False,True,Moderate
2540,Poor,False,True,Moderate
2541,Good,True,False,Low
2542,Poor,False,True,Moderate
2543,Good,True,True,Moderate
2544,Fair,False,True,Low
2545,Poor,False,True,Low
2546,Poor,False,False,High
2547,Fair,True,False,Low
2548,Good,False,False,Moderate
2549,Good,True,False,Moderate
2550,Good,False,False,Moderate
2551,Fair,False,False,High
2552,Poor,False,True,High
2553,Good,False,True,Low
2554,Poor,True,False,Low
2555,Poor,True,True,High
2556,Good,False,False,Low
2557,Good,True,True,Moderate
2558,Good,False,True,Low
2559,Good,True,True,Moderate
2560,Poor,False,True,Moderate
2561,Poor,True,False,Moderate
2562,Fair,False,False,High
2563,Poor,False,False,Low
2564,Fair,False,True,High
2565,Poor,False,False,Low
2566,Poor,False,False,High
2567,Good,False,True,Low
2568,Fair,True,False,High
2569,Poor,True,True,Low
2570,Good,False,False,Low
2571,Poor,True,True,High
2572,Good,True,False,Moderate
2573,Good,True,True,Moderate
2574,Fair,True,True,Low
2575,Fair,False,False,High
2576,Fair,False,True,Low
2577,Fair,False,True,High
2578,Good,True,False,Moderate
2579,Fair,True,False,Moderate
2580,Good,True,True,Moderate
2581,Good,True,False,Moderate
2582,Poor,True,False,High
2583,Good,False,True,Low
2584,Poor,False,True,Moderate
2585,Poor,True,True,Moderate
2586,Fair,True,True,High
2587,Poor,False,True,High
2588,Fair,False,False,Moderate
2589,Fair,True,False,Low
2590,Good,False,False,Low
2591,Fair,True,False,High
2592,Fair,True,False,Moderate
2593,Fair,True,False,Moderate
2594,Fair,True,False,High
2595,Fair,True,True,High
2596,Good,False,True,Moderate
2597,Fair,True,True,High
2598,Good,False,True,High
2599,Poor,True,False,Moderate
2600,Good,False,True,Moderate
2601,Good,True,True,Low
2602,Poor,True,False,Low
2603,Good,True,False,Moderate
2604,Good,False,True,Low
2605,Poor,False,False,High
2606,Good,False,False,High
2607,Fair,True,False,High
2608,Fair,False,False,Low
2609,Poor,True,False,Moderate
2610,Good,True,True,High
2611,Poor,False,False,Moderate
2612,Good,True,True,Moderate
2613,Good,False,False,Moderate
2614,Good,False,False,Moderate
2615,Good,False,False,Low
2616,Good,False,True,Moderate
2617,Good,False,False,Moderate
2618,Good,True,False,Moderate
2619,Good,False,False,Moderate
2620,Fair,True,True,Moderate
2621,Fair,True,False,Moderate
2622,Poor,False,False,Moderate
2623,Fair,True,False,Low
2624,Good,True,False,Low
2625,Good,True,True,Low
2626,Poor,False,False,Low
2627,Good,False,False,Low
2628,Poor,False,True,High
2629,Poor,False,False,High
2630,Good,False,True,Low
2631,Poor,True,False,High
2632,Poor,False,True,Moderate
2633,Good,True,False,Low
2634,Poor,False,False,High
2635,Poor,True,False,Low
2636,Good,True,True,High
2637,Good,True,True,Moderate
2638,Poor,True,True,Low
2639,Good,True,False,Moderate
2640,Fair,True,False,High
2641,Fair,True,True,Moderate
2642,Poor,True,False,Low
2643,Fair,True,True,High
2644,Good,True,False,Moderate
2645,Fair,True,True,Low
2646,Poor,True,True,High
2647,Poor,False,True,High
2648,Good,False,True,Moderate
2649,Poor,True,False,High
2650,Fair,True,True,Low
2651,Good,False,False,High
2652,Fair,False,False,High
2653,Good,True,False,Moderate
2654,Good,True,True,Moderate
2655,Fair,False,True,Low
2656,Fair,False,False,High
2657,Good,True,False,Moderate
2658,Fair,True,False,High
2659,Good,True,True,Low
2660,Good,True,False,High
2661,Fair,True,False,High
2662,Poor,False,False,Low
2663,Poor,True,True,High
2664,Good,False,False,Low
2665,Good,True,True,Moderate
2666,Fair,False,True,Moderate
2667,Good,True,False,Low
2668,Good,True,False,Low
2669,Good,False,True,Low
2670,Fair,False,True,Low
2671,Fair,False,True,Moderate
2672,Good,True,True,High
2673,Good,True,False,Low
2674,Fair,False,False,High
2675,Fair,True,False,Moderate
2676,Fair,False,True,High
2677,Poor,False,True,Moderate
2678,Poor,True,True,Moderate
2679,Good,False,False,Moderate
2680,Poor,False,False,High
2681,Fair,False,False,Moderate
2682,Good,False,False,Low
2683,Good,False,False,Moderate
2684,Good,False,True,Low
2685,Poor,False,False,Low
2686,Good,True,True,High
2687,Fair,False,True,Moderate
2688,Poor,False,False,Low
2689,Poor,True,False,Moderate
2690,Good,False,True,Low
2691,Fair,False,False,Moderate
2692,Fair,True,True,Low
2693,Good,False,False,Low
2694,Good,False,False,Moderate
2695,Good,True,False,Moderate
2696,Fair,True,True,Low
2697,Good,True,True,Moderate
2698,Fair,True,False,High
2699,Good,False,False,High
2700,Good,True,False,Moderate
2701,Poor,False,True,Moderate
2702,Good,False,True,Moderate
2703,Fair,False,False,Moderate
2704,Fair,True,True,Low
2705,Good,True,True,Moderate
2706,Fair,True,True,Moderate
2707,Poor,False,False,High
2708,Fair,False,True,Moderate
2709,Fair,False,True,Low
2710,Poor,True,False,Moderate
2711,Poor,False,True,High
2712,Good,False,False,Low
2713,Fair,False,False,Low
2714,Good,True,False,Moderate
2715,Poor,False,True,Low
2716,Good,True,True,High
2717,Poor,False,True,Moderate
2718,Poor,False,False,High
2719,Good,True,True,Low
2720,Fair,True,False,Moderate
2721,Fair,False,False,Low
2722,Fair,True,False,Moderate
2723,Poor,True,True,Low
2724,Fair,True,True,High
2725,Fair,True,True,Moderate
2726,Good,False,False,Moderate
2727,Fair,False,True,Moderate
2728,Fair,True,False,Low
2729,Poor,False,False,Low
2730,Fair,True,False,Low
2731,Poor,True,False,Moderate
2732,Fair,True,True,High
2733,Fair,False,False,High
2734,Poor,False,True,Low
2735,Fair,True,False,Low
2736,Poor,False,True,Low
2737,Good,True,True,High
2738,Good,False,False,High
2739,Poor,True,False,High
2740,Poor,True,False,Low
2741,Good,True,False,Moderate
2742,Poor,True,False,Low
2743,Poor,False,True,Moderate
2744,Poor,True,False,High
2745,Fair,True,True,Low
2746,Fair,True,True,Low
2747,Good,True,True,Low
2748,Poor,False,True,Moderate
2749,Poor,False,True,Low
2750,Poor,False,False,High
2751,Poor,False,True,High
2752,Fair,True,False,Low
2753,Poor,True,True,High
2754,Fair,False,True,Low
2755,Good,False,True,High
2756,Fair,True,True,Moderate
2757,Fair,False,True,Moderate
2758,Poor,False,False,Moderate
2759,Good,False,False,High
2760,Poor,False,False,Moderate
2761,Fair,True,True,Moderate
2762,Good,True,False,High
2763,Good,False,True,High
2764,Poor,False,True,High
2765,Fair,False,True,Low
2766,Fair,False,True,High
2767,Good,True,False,High
2768,Poor,False,True,High
2769,Poor,True,True,Moderate
2770,Poor,False,True,Low
2771,Good,True,True,Low
2772,Good,True,False,High
2773,Fair,False,True,Moderate
2774,Fair,True,True,Low
2775,Fair,True,False,High
2776,Good,True,True,Moderate
2777,Good,True,False,Low
2778,Poor,False,False,Low
2779,Poor,True,True,Moderate
2780,Poor,False,True,Low
2781,Poor,False,True,Low
2782,Fair,True,False,Moderate
2783,Fair,True,True,Moderate
2784,Fair,False,True,High
2785,Poor,True,True,High
2786,Fair,True,False,High
2787,Fair,True,False,Low
2788,Good,True,False,High
2789,Fair,True,False,Low
2790,Good,True,False,Moderate
2791,Poor,True,False,High
2792,Fair,False,True,High
2793,Poor,True,True,High
2794,Good,True,False,High
2795,Fair,False,False,Low
2796,Good,True,False,Moderate
2797,Fair,False,True,Moderate
2798,Fair,True,True,Moderate
2799,Fair,False,True,Moderate
2800,Poor,True,False,Low
2801,Poor,True,False,Moderate
2802,Poor,True,False,Low
2803,Fair,True,True,Low
2804,Poor,True,True,Low
2805,Good,False,False,High
2806,Good,False,False,Low
2807,Poor,False,True,Low
2808,Good,False,False,High
2809,Poor,True,True,Moderate
2810,Good,True,False,High
2811,Good,False,True,Moderate
2812,Good,True,True,Low
2813,Fair,False,False,Moderate
2814,Good,False,True,Low
2815,Good,True,True,High
2816,Poor,False,True,Low
2817,Fair,False,False,High
2818,Poor,True,True,Low
2819,Good,False,True,High
2820,Good,False,True,Moderate
2821,Poor,True,False,High
2822,Poor,True,True,High
2823,Good,False,False,High
2824,Good,True,False,Moderate
2825,Poor,False,True,Low
2826,Fair,False,False,Moderate
2827,Fair,False,True,Moderate
2828,Poor,True,True,Moderate
2829,Good,False,False,Low
2830,Poor,True,False,Low
2831,Good,True,False,Moderate
2832,Good,True,False,Low
2833,Fair,False,True,High
2834,Fair,False,False,Low
2835,Poor,False,False,Moderate
2836,Poor,True,True,High
2837,Good,False,True,Moderate
2838,Good,True,False,High
2839,Good,True,True,High
2840,Good,False,False,High
2841,Fair,True,False,Moderate
2842,Poor,False,False,Low
2843,Poor,False,True,Low
2844,Poor,False,True,Moderate
2845,Good,True,False,High
2846,Good,True,False,Moderate
2847,Good,True,True,Low
2848,Good,False,True,High
2849,Good,True,True,Moderate
2850,Fair,False,False,High
2851,Fair,False,False,High
2852,Poor,False,False,Moderate
2853,Fair,True,False,Moderate
2854,Poor,True,False,Moderate
2855,Poor,False,False,High
2856,Good,False,True,High
2857,Good,False,False,High
2858,Good,False,True,Low
2859,Fair,False,False,High
2860,Fair,True,True,High
2861,Poor,True,False,Low
2862,Poor,True,True,Moderate
2863,Fair,False,False,High
2864,Good,False,False,Moderate
2865,Good,True,False,Low
2866,Good,True,True,High
2867,Poor,True,False,Moderate
2868,Poor,False,True,High
2869,Fair,True,True,Low
2870,Fair,False,False,High
2871,Poor,False,True,Moderate
2872,Fair,False,True,High
2873,Fair,True,False,Moderate
2874,Good,False,False,High
2875,Fair,True,False,High
2876,Poor,False,False,High
2877,Fair,False,False,High
2878,Poor,True,True,High
2879,Poor,True,True,High
2880,Good,False,True,High
2881,Fair,False,False,Moderate
2882,Poor,True,True,High
2883,Good,True,False,Low
2884,Poor,True,True,Moderate
2885,Fair,True,True,High
2886,Poor,False,True,Moderate
2887,Good,False,False,Low
2888,Good,True,True,Moderate
2889,Poor,True,False,High
2890,Poor,False,True,High
2891,Poor,False,False,High
2892,Fair,False,False,High
2893,Good,True,True,High
2894,Fair,True,True,Moderate
2895,Poor,True,True,High
2896,Good,True,False,Low
2897,Fair,False,False,Low
2898,Good,True,True,Low
2899,Fair,True,False,Moderate
2900,Poor,False,False,Low
2901,Fair,True,False,Moderate
2902,Fair,True,True,Low
2903,Fair,True,True,Low
2904,Fair,False,True,Low
2905,Poor,True,False,Low
2906,Fair,True,True,Moderate
2907,Good,True,True,High
2908,Fair,False,False,Low
2909,Poor,True,True,Moderate
2910,Poor,False,True,Moderate
2911,Good,False,True,Moderate
2912,Poor,False,True,Low
2913,Fair,False,False,Moderate
2914,Poor,True,False,Low
2915,Fair,True,True,High
2916,Fair,False,False,High
2917,Fair,True,True,Low
2918,Fair,True,True,Moderate
2919,Poor,True,False,Low
2920,Fair,True,False,High
2921,Good,False,False,Low
2922,Poor,True,False,High
2923,Good,True,True,Moderate
2924,Good,True,True,High
2925,Poor,False,False,Low
2926,Fair,False,False,Moderate
2927,Poor,False,False,Moderate
2928,Good,True,True,Low
2929,Poor,False,False,Low
2930,Poor,True,False,Moderate
2931,Poor,False,True,Moderate
2932,Good,True,False,Low
2933,Good,False,False,Low
2934,Fair,False,False,Low
2935,Good,True,True,Low
2936,Good,True,True,Moderate
2937,Fair,True,False,Moderate
2938,Fair,True,True,Low
2939,Good,True,False,High
2940,Poor,True,True,Moderate
2941,Poor,False,True,Low
2942,Good,True,False,High
2943,Fair,False,True,High
2944,Fair,True,True,High
2945,Good,True,True,High
2946,Fair,True,False,Low
2947,Poor,True,False,High
2948,Good,True,False,Moderate
2949,Fair,False,True,High
2950,Fair,True,True,Moderate
2951,Fair,True,True,Moderate
2952,Good,True,False,Moderate
2953,Fair,True,False,High
2954,Fair,True,False,High
2955,Good,True,True,Moderate
2956,Good,True,True,High
2957,Good,False,False,Low
2958,Poor,False,True,High
2959,Good,False,False,High
2960,Fair,True,False,High
2961,Poor,True,True,High
2962,Good,False,False,Moderate
2963,Poor,True,True,Low
2964,Fair,False,True,Moderate
2965,Good,True,True,High
2966,Fair,True,True,High
2967,Poor,False,False,Low
2968,Good,True,False,Low
2969,Fair,False,False,Low
2970,Fair,True,True,Low
2971,Poor,True,True,Low
2972,Fair,True,True,Moderate
2973,Good,True,False,Low
2974,Poor,False,False,Moderate
2975,Poor,True,True,High
2976,Good,True,False,High
2977,Fair,False,True,High
2978,Poor,False,False,Low
2979,Poor,True,False,Low
2980,Poor,True,False,High
2981,Good,True,True,High
2982,Fair,True,False,Low
2983,Good,True,False,Low
2984,Good,False,False,High
2985,Poor,False,False,Low
2986,Good,False,False,Moderate
2987,Poor,True,True,Moderate
2988,Poor,False,False,Low
2989,Fair,False,True,Moderate
2990,Poor,True,False,Low
2991,Good,False,True,Moderate
2992,Good,False,True,Moderate
2993,Poor,False,True,Moderate
2994,Poor,True,True,High
2995,Good,False,False,Moderate
2996,Fair,False,False,Low
2997,Fair,True,True,High
2998,Good,True,True,High
2999,Fair,True,True,Moderate
