Environment_key,Population_level,Land_use_type,Vegetation_type
0,Medium,Agricultural,Savanna
1,Low,Industrial,Grassland
2,High,Agricultural,Savanna
3,Medium,Agricultural,Savanna
4,Low,Residential,Grassland
5,Low,Industrial,Shrubland
6,Low,Residential,Forest
7,High,Agricultural,Savanna
8,Low,Mixed,Grassland
9,Medium,Mixed,Forest
10,Medium,Mixed,Grassland
11,Medium,Industrial,Savanna
12,High,Agricultural,Savanna
13,Low,Mixed,Savanna
14,Low,Residential,Grassland
15,Low,Industrial,Grassland
16,Low,Mixed,Savanna
17,Medium,Industrial,Forest
18,Low,Mixed,Savanna
19,Low,Agricultural,Savanna
20,Medium,Industrial,Shrubland
21,High,Mixed,Grassland
22,High,Industrial,Savanna
23,Medium,Mixed,Forest
24,High,Residential,Shrubland
25,Low,Industrial,Grassland
26,Low,Residential,Savanna
27,High,Industrial,Savanna
28,Medium,Industrial,Grassland
29,High,Agricultural,Grassland
30,High,Agricultural,Forest
31,High,Agricultural,Savanna
32,Medium,Mixed,Savanna
33,Low,Mixed,Forest
34,Low,Industrial,Savanna
35,Medium,Mixed,Grassland
36,Low,Industrial,Savanna
37,Low,Mixed,Shrubland
38,High,Agricultural,Grassland
39,Low,Industrial,Savanna
40,Medium,Industrial,Grassland
41,Medium,Industrial,Forest
42,Medium,Industrial,Grassland
43,Medium,Agricultural,Grassland
44,Low,Industrial,Forest
45,Low,Residential,Shrubland
46,Medium,Mixed,Shrubland
47,Medium,Agricultural,Grassland
48,Low,Mixed,Forest
49,High,Mixed,Forest
50,Low,Residential,Shrubland
51,Medium,Agricultural,Savanna
52,High,Mixed,Shrubland
53,Low,Residential,Forest
54,Medium,Mixed,Grassland
55,Low,Industrial,Grassland
56,High,Industrial,Savanna
57,High,Residential,Shrubland
58,Low,Agricultural,Grassland
59,High,Residential,Savanna
60,Low,Residential,Shrubland
61,Low,Industrial,Savanna
62,Low,Industrial,Savanna
63,High,Mixed,Forest
64,Low,Agricultural,Forest
65,Low,Mixed,Grassland
66,Medium,Industrial,Grassland
67,High,Mixed,Savanna
68,Medium,Industrial,Shrubland
69,High,Agricultural,Forest
70,Low,Industrial,Savanna
71,Low,Industrial,Forest
72,Low,Agricultural,Grassland
73,High,Mixed,Forest
74,Low,Agricultural,Savanna
75,High,Agricultural,Grassland
76,Medium,Agricultural,Shrubland
77,High,Residential,Savanna
78,Low,Mixed,Grassland
79,High,Mixed,Shrubland
80,Medium,Agricultural,Grassland
81,High,Industrial,Grassland
82,Medium,Residential,Shrubland
83,High,Residential,Grassland
84,Medium,Residential,Savanna
85,High,Agricultural,Shrubland
86,High,Industrial,Shrubland
87,High,Industrial,Savanna
88,Medium,Agricultural,Grassland
89,High,Mixed,Shrubland
90,High,Mixed,Forest
91,High,Industrial,Forest
92,Medium,Agricultural,Forest
93,High,Mixed,Forest
94,Medium,Agricultural,Savanna
95,High,Industrial,Savanna
96,Medium,Residential,Grassland
97,Medium,Residential,Grassland
98,High,Agricultural,Forest
99,High,Residential,Grassland
100,Low,Industrial,Forest
101,Low,Industrial,Grassland
102,High,Mixed,Shrubland
103,Medium,Mixed,Shrubland
104,High,Industrial,Grassland
105,High,Mixed,Forest
106,Low,Agricultural,Grassland
107,Low,Industrial,Forest
108,High,Agricultural,Grassland
109,Low,Agricultural,Shrubland
110,High,Agricultural,Savanna
111,Low,Industrial,Grassland
112,Low,Agricultural,Forest
113,Medium,Industrial,Grassland
114,Medium,Industrial,Forest
115,Medium,Mixed,Forest
116,Low,Agricultural,Savanna
117,Low,Industrial,Savanna
118,High,Mixed,Grassland
119,High,Residential,Shrubland
120,High,Mixed,Savanna
121,Medium,Agricultural,Savanna
122,Low,Mixed,Shrubland
123,High,Industrial,Forest
124,High,Mixed,Shrubland
125,High,Residential,Forest
126,Medium,Mixed,Savanna
127,Medium,Residential,Forest
128,Low,Industrial,Savanna
129,High,Mixed,Grassland
130,High,Industrial,Savanna
131,Medium,Agricultural,Grassland
132,Low,Industrial,Savanna
133,Medium,Industrial,Savanna
134,Low,Agricultural,Shrubland
135,High,Industrial,Forest
136,Low,Agricultural,Grassland
137,Medium,Agricultural,Grassland
138,High,Mixed,Shrubland
139,Low,Mixed,Forest
140,Medium,Residential,Forest
141,Low,Industrial,Forest
142,Low,Industrial,Savanna
143,High,Agricultural,Shrubland
144,Medium,Residential,Shrubland
145,High,Agricultural,Shrubland
146,Low,Residential,Shrubland
147,Medium,Mixed,Forest
148,Medium,Industrial,Grassland
149,Low,Agricultural,Grassland
150,Medium,Agricultural,Grassland
151,High,Agricultural,Grassland
152,Medium,Mixed,Savanna
153,Medium,Industrial,Grassland
154,Low,Agricultural,Shrubland
155,High,Mixed,Savanna
156,High,Mixed,Shrubland
157,Low,Residential,Grassland
158,Low,Industrial,Shrubland
159,Medium,Industrial,Shrubland
160,Low,Mixed,Savanna
161,High,Industrial,Shrubland
162,High,Industrial,Grassland
163,Medium,Mixed,Forest
164,High,Agricultural,Shrubland
165,High,Residential,Shrubland
166,Medium,Industrial,Grassland
167,High,Industrial,Savanna
168,Low,Residential,Savanna
169,Low,Agricultural,Shrubland
170,Low,Agricultural,Savanna
171,Low,Agricultural,Savanna
172,Low,Agricultural,Forest
173,Low,Residential,Savanna
174,High,Industrial,Grassland
175,Medium,Mixed,Forest
176,Medium,Mixed,Shrubland
177,Medium,Residential,Shrubland
178,Low,Industrial,Savanna
179,High,Mixed,Shrubland
180,Medium,Residential,Grassland
181,High,Agricultural,Grassland
182,High,Mixed,Grassland
183,Medium,Agricultural,Shrubland
184,Low,Residential,Savanna
185,Medium,Mixed,Grassland
186,Medium,Industrial,Forest
187,High,Agricultural,Grassland
188,Low,Industrial,Forest
189,High,Residential,Forest
190,Low,Mixed,Savanna
191,High,Industrial,Savanna
192,Low,Agricultural,Forest
193,High,Residential,Forest
194,Medium,Agricultural,Forest
195,High,Mixed,Savanna
196,High,Agricultural,Forest
197,Medium,Mixed,Shrubland
198,Medium,Residential,Shrubland
199,Medium,Mixed,Forest
200,Low,Mixed,Grassland
201,High,Industrial,Shrubland
202,Low,Agricultural,Forest
203,High,Residential,Forest
204,High,Industrial,Grassland
205,High,Agricultural,Grassland
206,Low,Residential,Grassland
207,Low,Residential,Shrubland
208,Low,Mixed,Forest
209,Low,Mixed,Shrubland
210,Low,Industrial,Grassland
211,Medium,Mixed,Forest
212,Low,Agricultural,Savanna
213,Medium,Industrial,Savanna
214,Medium,Mixed,Savanna
215,Medium,Industrial,Grassland
216,High,Industrial,Shrubland
217,Medium,Residential,Savanna
218,Medium,Industrial,Grassland
219,Low,Mixed,Shrubland
220,Medium,Industrial,Forest
221,Medium,Industrial,Grassland
222,Medium,Industrial,Savanna
223,Low,Residential,Savanna
224,Low,Residential,Grassland
225,Low,Mixed,Shrubland
226,Medium,Mixed,Grassland
227,Medium,Residential,Forest
228,Medium,Residential,Savanna
229,High,Agricultural,Forest
230,Medium,Mixed,Grassland
231,Low,Residential,Savanna
232,Medium,Mixed,Grassland
233,High,Mixed,Shrubland
234,High,Residential,Forest
235,Low,Agricultural,Forest
236,Medium,Industrial,Forest
237,High,Industrial,Grassland
238,Low,Residential,Forest
239,Medium,Industrial,Shrubland
240,Low,Agricultural,Savanna
241,Low,Residential,Savanna
242,Medium,Residential,Grassland
243,High,Mixed,Savanna
244,Medium,Agricultural,Grassland
245,Low,Agricultural,Shrubland
246,Low,Agricultural,Shrubland
247,High,Residential,Grassland
248,Medium,Industrial,Grassland
249,High,Residential,Shrubland
250,High,Agricultural,Grassland
251,Low,Residential,Savanna
252,Low,Residential,Shrubland
253,Medium,Residential,Grassland
254,Low,Industrial,Shrubland
255,Medium,Industrial,Shrubland
256,Medium,Mixed,Shrubland
257,Low,Mixed,Forest
258,Medium,Agricultural,Savanna
259,Medium,Industrial,Shrubland
260,High,Agricultural,Shrubland
261,Low,Residential,Savanna
262,High,Residential,Forest
263,Medium,Industrial,Shrubland
264,Low,Mixed,Forest
265,High,Residential,Forest
266,Low,Industrial,Shrubland
267,Medium,Agricultural,Savanna
268,Low,Agricultural,Savanna
269,High,Agricultural,Grassland
270,Low,Residential,Forest
271,High,Industrial,Grassland
272,High,Industrial,Grassland
273,High,Residential,Grassland
274,Low,Agricultural,Savanna
275,Low,Agricultural,Grassland
276,Medium,Industrial,Savanna
277,High,Agricultural,Shrubland
278,High,Agricultural,Savanna
279,Low,Residential,Grassland
280,High,Agricultural,Savanna
281,High,Mixed,Grassland
282,High,Mixed,Forest
283,Low,Industrial,Grassland
284,Medium,Residential,Shrubland
285,High,Agricultural,Shrubland
286,High,Mixed,Shrubland
287,High,Residential,Grassland
288,High,Mixed,Savanna
289,Medium,Mixed,Grassland
290,Low,Mixed,Shrubland
291,High,Agricultural,Grassland
292,Medium,Industrial,Shrubland
293,High,Agricultural,Savanna
294,Medium,Agricultural,Shrubland
295,High,Mixed,Savanna
296,Medium,Industrial,Forest
297,Low,Industrial,Shrubland
298,High,Agricultural,Grassland
299,Low,Residential,Forest
300,High,Mixed,Shrubland
301,Medium,Agricultural,Grassland
302,High,Mixed,Grassland
303,Medium,Industrial,Grassland
304,High,Residential,Forest
305,Medium,Industrial,Forest
306,Low,Industrial,Shrubland
307,Medium,Industrial,Grassland
308,Medium,Residential,Savanna
309,Medium,Industrial,Grassland
310,Medium,Mixed,Grassland
311,Low,Agricultural,Grassland
312,Medium,Residential,Savanna
313,Medium,Mixed,Grassland
314,Medium,Mixed,Shrubland
315,Medium,Mixed,Forest
316,High,Mixed,Shrubland
317,High,Agricultural,Savanna
318,Low,Agricultural,Grassland
319,Medium,Agricultural,Grassland
320,Medium,Residential,Savanna
321,High,Industrial,Forest
322,Low,Agricultural,Savanna
323,High,Residential,Shrubland
324,Low,Industrial,Grassland
325,Medium,Agricultural,Shrubland
326,Low,Mixed,Grassland
327,Medium,Mixed,Grassland
328,Low,Industrial,Shrubland
329,Low,Industrial,Forest
330,Low,Mixed,Grassland
331,Low,Residential,Grassland
332,Medium,Residential,Savanna
333,High,Mixed,Shrubland
334,Medium,Industrial,Grassland
335,Medium,Agricultural,Grassland
336,Low,Industrial,Shrubland
337,High,Agricultural,Savanna
338,High,Agricultural,Savanna
339,Medium,Mixed,Forest
340,Medium,Mixed,Savanna
341,High,Industrial,Forest
342,High,Industrial,Savanna
343,High,Residential,Forest
344,High,Industrial,Savanna
345,Medium,Industrial,Shrubland
346,Low,Agricultural,Shrubland
347,Medium,Industrial,Forest
348,High,Agricultural,Savanna
349,Low,Agricultural,Shrubland
350,High,Mixed,Shrubland
351,Medium,Agricultural,Forest
352,Low,Mixed,Forest
353,High,Mixed,Grassland
354,High,Agricultural,Forest
355,Low,Agricultural,Forest
356,Low,Residential,Forest
357,Medium,Agricultural,Forest
358,Medium,Industrial,Forest
359,Medium,Industrial,Grassland
360,Low,Residential,Forest
361,Medium,Industrial,Grassland
362,Low,Agricultural,Grassland
363,High,Mixed,Grassland
364,Medium,Mixed,Forest
365,High,Mixed,Grassland
366,High,Industrial,Savanna
367,Low,Industrial,Shrubland
368,Low,Mixed,Forest
369,Low,Mixed,Savanna
370,High,Industrial,Grassland
371,Medium,Residential,Shrubland
372,High,Industrial,Savanna
373,High,Residential,Shrubland
374,Low,Mixed,Grassland
375,Low,Industrial,Shrubland
376,Low,Industrial,Grassland
377,High,Residential,Shrubland
378,Low,Mixed,Shrubland
379,High,Mixed,Savanna
380,High,Residential,Shrubland
381,Low,Agricultural,Forest
382,High,Residential,Forest
383,High,Agricultural,Forest
384,Medium,Mixed,Forest
385,Low,Agricultural,Forest
386,High,Industrial,Forest
387,High,Industrial,Shrubland
388,Medium,Industrial,Forest
389,High,Agricultural,Savanna
390,Low,Mixed,Savanna
391,High,Mixed,Grassland
392,Medium,Mixed,Forest
393,High,Agricultural,Grassland
394,Medium,Agricultural,Forest
395,Low,Residential,Grassland
396,Low,Residential,Grassland
397,High,Mixed,Forest
398,High,Agricultural,Forest
399,Medium,Industrial,Grassland
400,Medium,Mixed,Forest
401,Low,Mixed,Shrubland
402,High,Industrial,Grassland
403,High,Agricultural,Shrubland
404,Medium,Agricultural,Forest
405,Low,Mixed,Shrubland
406,Low,Mixed,Forest
407,High,Industrial,Savanna
408,Medium,Industrial,Grassland
409,Medium,Residential,Shrubland
410,Low,Industrial,Shrubland
411,Low,Mixed,Forest
412,Low,Agricultural,Savanna
413,High,Industrial,Grassland
414,Medium,Mixed,Savanna
415,Medium,Agricultural,Savanna
416,High,Industrial,Grassland
417,Medium,Agricultural,Shrubland
418,High,Mixed,Grassland
419,High,Industrial,Savanna
420,High,Agricultural,Forest
421,High,Agricultural,Savanna
422,Low,Residential,Savanna
423,Medium,Industrial,Savanna
424,High,Residential,Grassland
425,Low,Mixed,Grassland
426,Low,Mixed,Grassland
427,High,Industrial,Shrubland
428,Medium,Residential,Grassland
429,High,Agricultural,Forest
430,High,Residential,Forest
431,High,Agricultural,Savanna
432,Low,Agricultural,Grassland
433,Low,Mixed,Grassland
434,High,Agricultural,Forest
435,High,Agricultural,Grassland
436,Medium,Residential,Savanna
437,Low,Industrial,Forest
438,High,Agricultural,Shrubland
439,Low,Industrial,Savanna
440,High,Mixed,Grassland
441,Medium,Mixed,Grassland
442,Medium,Industrial,Shrubland
443,Low,Mixed,Forest
444,Medium,Industrial,Savanna
445,High,Residential,Savanna
446,Medium,Agricultural,Shrubland
447,Low,Industrial,Savanna
448,High,Residential,Grassland
449,Low,Residential,Grassland
450,Medium,Mixed,Savanna
451,High,Industrial,Forest
452,High,Mixed,Forest
453,Low,Industrial,Shrubland
454,High,Industrial,Savanna
455,Low,Residential,Savanna
456,High,Residential,Savanna
457,High,Residential,Forest
458,Medium,Residential,Forest
459,High,Industrial,Savanna
460,High,Industrial,Shrubland
461,High,Mixed,Grassland
462,Medium,Residential,Forest
463,High,Agricultural,Savanna
464,High,Agricultural,Forest
465,High,Mixed,Shrubland
466,Medium,Agricultural,Grassland
467,High,Residential,Forest
468,High,Residential,Savanna
469,Medium,Industrial,Savanna
470,Medium,Industrial,Shrubland
471,High,Residential,Grassland
472,High,Industrial,Savanna
473,Low,Agricultural,Shrubland
474,Medium,Residential,Savanna
475,Low,Residential,Shrubland
476,Low,Industrial,Forest
477,High,Mixed,Savanna
478,High,Agricultural,Forest
479,Low,Mixed,Shrubland
480,Medium,Mixed,Shrubland
481,Low,Industrial,Forest
482,High,Agricultural,Savanna
483,High,Industrial,Savanna
484,Low,Mixed,Savanna
485,High,Industrial,Grassland
486,High,Residential,Savanna
487,Medium,Industrial,Grassland
488,High,Residential,Grassland
489,Low,Industrial,Shrubland
490,High,Residential,Shrubland
491,Low,Residential,Forest
492,High,Agricultural,Grassland
493,Medium,Industrial,Forest
494,High,Residential,Forest
495,Low,Residential,Shrubland
496,Low,Residential,Grassland
497,Low,Mixed,Forest
498,High,Agricultural,Forest
499,High,Agricultural,Shrubland
500,High,Agricultural,Grassland
501,Low,Mixed,Forest
502,Low,Industrial,Shrubland
503,Medium,Residential,Grassland
504,High,Agricultural,Savanna
505,Low,Agricultural,Forest
506,High,Agricultural,Savanna
507,Low,Residential,Savanna
508,Medium,Agricultural,Shrubland
509,Medium,Residential,Forest
510,Medium,Mixed,Forest
511,Medium,Agricultural,Shrubland
512,Medium,Residential,Savanna
513,Low,Agricultural,Forest
514,High,Agricultural,Shrubland
515,High,Mixed,Grassland
516,Medium,Agricultural,Savanna
517,High,Residential,Grassland
518,Low,Mixed,Savanna
519,High,Industrial,Grassland
520,High,Mixed,Savanna
521,Low,Agricultural,Savanna
522,High,Agricultural,Savanna
523,Medium,Industrial,Savanna
524,Low,Residential,Shrubland
525,High,Mixed,Shrubland
526,Low,Industrial,Forest
527,Medium,Residential,Grassland
528,Low,Residential,Savanna
529,Medium,Mixed,Savanna
530,High,Agricultural,Savanna
531,Medium,Industrial,Forest
532,High,Residential,Grassland
533,Medium,Mixed,Savanna
534,Medium,Mixed,Savanna
535,High,Agricultural,Forest
536,Low,Residential,Forest
537,High,Residential,Grassland
538,Medium,Industrial,Forest
539,Low,Residential,Savanna
540,High,Agricultural,Forest
541,Low,Mixed,Savanna
542,Medium,Residential,Grassland
543,Low,Residential,Forest
544,Low,Residential,Shrubland
545,High,Agricultural,Grassland
546,Medium,Residential,Shrubland
547,Low,Industrial,Forest
548,Medium,Mixed,Forest
549,Medium,Industrial,Forest
550,Medium,Agricultural,Grassland
551,High,Industrial,Savanna
552,Medium,Mixed,Forest
553,Low,Mixed,Grassland
554,High,Residential,Grassland
555,Low,Industrial,Forest
556,Medium,Mixed,Forest
557,Medium,Agricultural,Forest
558,High,Mixed,Grassland
559,Medium,Industrial,Shrubland
560,High,Agricultural,Savanna
561,High,Residential,Shrubland
562,Medium,Residential,Shrubland
563,High,Mixed,Forest
564,Low,Agricultural,Shrubland
565,High,Agricultural,Forest
566,Low,Mixed,Grassland
567,Low,Industrial,Forest
568,Low,Mixed,Forest
569,High,Agricultural,Grassland
570,Medium,Industrial,Shrubland
571,High,Agricultural,Shrubland
572,High,Residential,Grassland
573,Low,Agricultural,Shrubland
574,Medium,Industrial,Savanna
575,High,Residential,Grassland
576,High,Mixed,Forest
577,Low,Mixed,Shrubland
578,High,Residential,Forest
579,Low,Agricultural,Forest
580,Low,Residential,Shrubland
581,Medium,Industrial,Savanna
582,Low,Mixed,Grassland
583,Low,Industrial,Savanna
584,Low,Industrial,Shrubland
585,Low,Residential,Grassland
586,High,Agricultural,Shrubland
587,High,Industrial,Savanna
588,High,Residential,Forest
589,Medium,Mixed,Shrubland
590,Medium,Agricultural,Savanna
591,Medium,Agricultural,Forest
592,Medium,Mixed,Shrubland
593,High,Agricultural,Shrubland
594,High,Industrial,Forest
595,High,Industrial,Forest
596,Medium,Mixed,Grassland
597,Medium,Agricultural,Forest
598,Medium,Industrial,Grassland
599,High,Residential,Forest
600,Low,Agricultural,Grassland
601,Medium,Mixed,Forest
602,High,Mixed,Grassland
603,Low,Industrial,Shrubland
604,Low,Agricultural,Grassland
605,Medium,Residential,Grassland
606,High,Industrial,Shrubland
607,Low,Mixed,Savanna
608,Medium,Industrial,Shrubland
609,High,Mixed,Forest
610,Low,Mixed,Shrubland
611,Low,Agricultural,Forest
612,Low,Industrial,Shrubland
613,Medium,Mixed,Grassland
614,Low,Mixed,Savanna
615,High,Agricultural,Shrubland
616,Medium,Mixed,Savanna
617,High,Residential,Grassland
618,High,Agricultural,Savanna
619,Low,Agricultural,Grassland
620,High,Industrial,Grassland
621,High,Mixed,Shrubland
622,Medium,Mixed,Shrubland
623,Medium,Industrial,Grassland
624,Low,Residential,Forest
625,High,Residential,Forest
626,Low,Industrial,Savanna
627,High,Residential,Grassland
628,Low,Agricultural,Grassland
629,Low,Residential,Forest
630,High,Industrial,Forest
631,Low,Agricultural,Savanna
632,High,Agricultural,Grassland
633,High,Agricultural,Shrubland
634,High,Agricultural,Savanna
635,High,Mixed,Savanna
636,Medium,Residential,Shrubland
637,Low,Industrial,Shrubland
638,Low,Agricultural,Grassland
639,Medium,Agricultural,Grassland
640,Low,Mixed,Savanna
641,Medium,Industrial,Savanna
642,High,Residential,Savanna
643,High,Residential,Savanna
644,High,Agricultural,Grassland
645,Medium,Agricultural,Savanna
646,Medium,Residential,Forest
647,Medium,Mixed,Shrubland
648,Low,Industrial,Forest
649,Medium,Residential,Savanna
650,Medium,Mixed,Grassland
651,Low,Agricultural,Forest
652,Medium,Mixed,Forest
653,Medium,Residential,Savanna
654,Low,Mixed,Savanna
655,Medium,Industrial,Shrubland
656,Low,Industrial,Shrubland
657,Low,Agricultural,Savanna
658,Medium,Agricultural,Shrubland
659,High,Mixed,Savanna
660,Medium,Residential,Shrubland
661,High,Industrial,Savanna
662,Medium,Industrial,Shrubland
663,High,Industrial,Shrubland
664,Medium,Mixed,Savanna
665,High,Agricultural,Forest
666,High,Residential,Grassland
667,Medium,Industrial,Savanna
668,Low,Agricultural,Forest
669,Medium,Residential,Grassland
670,Medium,Industrial,Shrubland
671,High,Mixed,Savanna
672,Medium,Mixed,Grassland
673,Medium,Mixed,Grassland
674,High,Mixed,Forest
675,High,Mixed,Savanna
676,High,Industrial,Forest
677,Medium,Agricultural,Shrubland
678,Medium,Residential,Savanna
679,Low,Residential,Shrubland
680,High,Industrial,Forest
681,High,Residential,Shrubland
682,Medium,Residential,Shrubland
683,Low,Industrial,Savanna
684,High,Agricultural,Savanna
685,High,Industrial,Forest
686,High,Mixed,Shrubland
687,Medium,Mixed,Savanna
688,Medium,Residential,Savanna
689,Medium,Residential,Forest
690,Medium,Agricultural,Forest
691,High,Agricultural,Shrubland
692,High,Industrial,Savanna
693,High,Industrial,Shrubland
694,Medium,Agricultural,Shrubland
695,High,Industrial,Shrubland
696,Medium,Agricultural,Grassland
697,Low,Residential,Shrubland
698,Medium,Residential,Shrubland
699,Medium,Agricultural,Forest
700,Medium,Agricultural,Grassland
701,High,Agricultural,Shrubland
702,Medium,Agricultural,Savanna
703,Medium,Industrial,Grassland
704,High,Mixed,Grassland
705,High,Residential,Savanna
706,Medium,Agricultural,Forest
707,Low,Industrial,Forest
708,Low,Agricultural,Grassland
709,Medium,Industrial,Savanna
710,Medium,Residential,Savanna
711,Low,Mixed,Savanna
712,Low,Industrial,Savanna
713,Low,Agricultural,Shrubland
714,Medium,Mixed,Savanna
715,Medium,Mixed,Grassland
716,Medium,Industrial,Forest
717,High,Mixed,Forest
718,High,Residential,Forest
719,Medium,Industrial,Grassland
720,Low,Mixed,Forest
721,Medium,Mixed,Forest
722,Low,Mixed,Savanna
723,Low,Mixed,Savanna
724,Medium,Mixed,Shrubland
725,Low,Mixed,Shrubland
726,Medium,Mixed,Shrubland
727,High,Mixed,Grassland
728,Low,Industrial,Grassland
729,Medium,Agricultural,Shrubland
730,Low,Agricultural,Shrubland
731,High,Mixed,Grassland
732,High,Residential,Forest
733,Medium,Industrial,Forest
734,Medium,Residential,Grassland
735,High,Residential,Grassland
736,Medium,Industrial,Forest
737,Low,Mixed,Shrubland
738,Medium,Residential,Shrubland
739,Low,Agricultural,Shrubland
740,Low,Agricultural,Grassland
741,High,Agricultural,Forest
742,High,Agricultural,Grassland
743,Medium,Industrial,Grassland
744,High,Industrial,Forest
745,High,Residential,Forest
746,Medium,Mixed,Forest
747,Low,Agricultural,Forest
748,Low,Mixed,Grassland
749,High,Mixed,Savanna
750,Medium,Mixed,Shrubland
751,Medium,Residential,Grassland
752,Low,Industrial,Forest
753,Low,Agricultural,Grassland
754,High,Residential,Shrubland
755,High,Industrial,Grassland
756,Medium,Mixed,Savanna
757,Medium,Residential,Shrubland
758,Medium,Industrial,Forest
759,Low,Mixed,Forest
760,High,Agricultural,Grassland
761,Low,Residential,Forest
762,Medium,Industrial,Forest
763,Medium,Agricultural,Grassland
764,Medium,Mixed,Forest
765,Medium,Agricultural,Grassland
766,High,Industrial,Forest
767,Low,Agricultural,Savanna
768,High,Residential,Grassland
769,Low,Mixed,Forest
770,Low,Industrial,Grassland
771,Low,Mixed,Shrubland
772,Low,Mixed,Savanna
773,Medium,Mixed,Shrubland
774,Low,Mixed,Shrubland
775,Low,Residential,Grassland
776,Medium,Residential,Forest
777,High,Agricultural,Forest
778,Low,Residential,Savanna
779,Low,Mixed,Forest
780,Low,Residential,Grassland
781,Medium,Residential,Grassland
782,Low,Residential,Forest
783,Low,Agricultural,Forest
784,Low,Residential,Grassland
785,Medium,Industrial,Grassland
786,High,Mixed,Grassland
787,Low,Residential,Shrubland
788,Medium,Mixed,Shrubland
789,High,Residential,Grassland
790,Medium,Industrial,Savanna
791,Low,Agricultural,Grassland
792,Low,Industrial,Savanna
793,Medium,Mixed,Shrubland
794,High,Agricultural,Grassland
795,High,Industrial,Savanna
796,Medium,Mixed,Savanna
797,Low,Mixed,Forest
798,High,Agricultural,Shrubland
799,High,Residential,Forest
800,Low,Mixed,Shrubland
801,High,Mixed,Shrubland
802,Medium,Agricultural,Shrubland
803,High,Residential,Shrubland
804,High,Industrial,Savanna
805,Low,Residential,Shrubland
806,Medium,Residential,Shrubland
807,High,Agricultural,Forest
808,Low,Agricultural,Savanna
809,Low,Agricultural,Shrubland
810,Low,Mixed,Forest
811,Medium,Industrial,Grassland
812,Medium,Agricultural,Forest
813,High,Industrial,Savanna
814,Medium,Industrial,Savanna
815,Medium,Agricultural,Forest
816,High,Industrial,Shrubland
817,Low,Mixed,Savanna
818,Medium,Residential,Shrubland
819,Medium,Mixed,Savanna
820,Medium,Residential,Grassland
821,Medium,Agricultural,Forest
822,High,Residential,Forest
823,Medium,Mixed,Shrubland
824,Medium,Agricultural,Grassland
825,High,Agricultural,Savanna
826,High,Mixed,Forest
827,High,Mixed,Savanna
828,Medium,Residential,Shrubland
829,High,Mixed,Savanna
830,Low,Mixed,Shrubland
831,Low,Agricultural,Forest
832,Medium,Industrial,Savanna
833,Low,Residential,Forest
834,Low,Residential,Shrubland
835,High,Mixed,Shrubland
836,Medium,Agricultural,Savanna
837,Low,Mixed,Forest
838,Medium,Agricultural,Grassland
839,High,Residential,Grassland
840,Medium,Industrial,Forest
841,High,Residential,Grassland
842,Medium,Residential,Forest
843,High,Residential,Savanna
844,Low,Mixed,Savanna
845,Low,Agricultural,Shrubland
846,High,Agricultural,Forest
847,Low,Mixed,Grassland
848,Low,Mixed,Savanna
849,Medium,Mixed,Grassland
850,Medium,Agricultural,Grassland
851,Medium,Agricultural,Savanna
852,Low,Agricultural,Grassland
853,Low,Industrial,Savanna
854,Low,Industrial,Savanna
855,High,Industrial,Shrubland
856,Medium,Industrial,Savanna
857,Low,Mixed,Grassland
858,Medium,Agricultural,Savanna
859,Low,Mixed,Savanna
860,High,Mixed,Grassland
861,Low,Agricultural,Grassland
862,Low,Industrial,Shrubland
863,Medium,Industrial,Grassland
864,Low,Residential,Forest
865,Low,Agricultural,Forest
866,Medium,Mixed,Grassland
867,Low,Residential,Forest
868,Medium,Residential,Shrubland
869,Medium,Agricultural,Grassland
870,High,Mixed,Shrubland
871,High,Agricultural,Grassland
872,Low,Industrial,Grassland
873,Medium,Mixed,Savanna
874,High,Residential,Grassland
875,Low,Residential,Savanna
876,High,Residential,Savanna
877,Low,Mixed,Grassland
878,Medium,Agricultural,Grassland
879,Low,Agricultural,Forest
880,High,Residential,Grassland
881,Medium,Residential,Grassland
882,Medium,Residential,Grassland
883,Medium,Mixed,Shrubland
884,Low,Industrial,Savanna
885,High,Mixed,Grassland
886,High,Residential,Shrubland
887,Low,Mixed,Shrubland
888,Medium,Residential,Forest
889,Medium,Industrial,Shrubland
890,Low,Agricultural,Grassland
891,Medium,Mixed,Savanna
892,Medium,Agricultural,Forest
893,High,Mixed,Grassland
894,Low,Mixed,Shrubland
895,High,Residential,Savanna
896,Low,Residential,Shrubland
897,High,Residential,Forest
898,High,Mixed,Grassland
899,High,Agricultural,Savanna
900,Medium,Agricultural,Shrubland
901,Low,Agricultural,Shrubland
902,High,Residential,Forest
903,Medium,Mixed,Forest
904,Medium,Agricultural,Savanna
905,Low,Industrial,Grassland
906,High,Residential,Grassland
907,Low,Mixed,Savanna
908,Low,Industrial,Shrubland
909,High,Agricultural,Savanna
910,Low,Mixed,Shrubland
911,Medium,Industrial,Grassland
912,Medium,Mixed,Savanna
913,Medium,Agricultural,Grassland
914,Low,Agricultural,Savanna
915,Low,Agricultural,Shrubland
916,Low,Industrial,Shrubland
917,Medium,Agricultural,Forest
918,Medium,Residential,Shrubland
919,Low,Industrial,Forest
920,Medium,Mixed,Savanna
921,Medium,Agricultural,Shrubland
922,Medium,Industrial,Shrubland
923,Low,Residential,Grassland
924,Medium,Agricultural,Forest
925,Low,Industrial,Savanna
926,High,Industrial,Savanna
927,Medium,Mixed,Shrubland
928,Low,Mixed,Shrubland
929,Low,Residential,Savanna
930,Low,Residential,Savanna
931,High,Agricultural,Savanna
932,Low,Residential,Savanna
933,Medium,Mixed,Forest
934,Low,Industrial,Shrubland
935,Medium,Mixed,Grassland
936,High,Agricultural,Shrubland
937,Medium,Agricultural,Shrubland
938,Low,Residential,Grassland
939,Medium,Residential,Grassland
940,High,Mixed,Forest
941,Low,Mixed,Shrubland
942,Low,Industrial,Forest
943,Medium,Industrial,Forest
944,Medium,Agricultural,Shrubland
945,Low,Agricultural,Forest
946,Low,Industrial,Shrubland
947,Low,Mixed,Shrubland
948,Medium,Agricultural,Savanna
949,Medium,Mixed,Shrubland
950,Low,Industrial,Shrubland
951,Medium,Agricultural,Shrubland
952,High,Agricultural,Forest
953,Medium,Residential,Savanna
954,Medium,Mixed,Savanna
955,High,Industrial,Forest
956,Medium,Industrial,Grassland
957,Low,Industrial,Forest
958,Low,Residential,Grassland
959,Low,Agricultural,Grassland
960,High,Agricultural,Forest
961,Low,Residential,Shrubland
962,Medium,Mixed,Forest
963,High,Industrial,Forest
964,Medium,Residential,Grassland
965,Low,Residential,Grassland
966,Medium,Residential,Forest
967,Low,Agricultural,Forest
968,Low,Industrial,Savanna
969,High,Industrial,Grassland
970,High,Industrial,Forest
971,Low,Agricultural,Savanna
972,High,Residential,Forest
973,Low,Agricultural,Grassland
974,Low,Agricultural,Savanna
975,High,Agricultural,Forest
976,Medium,Agricultural,Grassland
977,Low,Residential,Forest
978,Low,Mixed,Savanna
979,Medium,Agricultural,Grassland
980,High,Mixed,Savanna
981,Low,Residential,Grassland
982,High,Industrial,Grassland
983,Medium,Industrial,Grassland
984,Low,Residential,Savanna
985,High,Mixed,Forest
986,Low,Industrial,Shrubland
987,Medium,Residential,Forest
988,Low,Agricultural,Forest
989,Medium,Mixed,Forest
990,Low,Mixed,Savanna
991,High,Mixed,Grassland
992,Medium,Agricultural,Grassland
993,Low,Residential,Shrubland
994,Low,Mixed,Savanna
995,Medium,Residential,Grassland
996,Medium,Mixed,Grassland
997,Medium,Industrial,Grassland
998,Low,Residential,Grassland
999,Medium,Industrial,Forest
1000,Medium,Mixed,Forest
1001,Low,Industrial,Forest
1002,High,Mixed,Grassland
1003,High,Mixed,Grassland
1004,Medium,Residential,Savanna
1005,High,Industrial,Grassland
1006,Medium,Mixed,Savanna
1007,Low,Residential,Shrubland
1008,High,Agricultural,Grassland
1009,Low,Agricultural,Grassland
1010,Low,Residential,Shrubland
1011,Medium,Mixed,Savanna
1012,High,Agricultural,Grassland
1013,High,Industrial,Grassland
1014,High,Residential,Shrubland
1015,Medium,Mixed,Forest
1016,High,Industrial,Grassland
1017,Low,Industrial,Forest
1018,Low,Agricultural,Shrubland
1019,Low,Mixed,Savanna
1020,High,Mixed,Savanna
1021,Low,Mixed,Shrubland
1022,High,Mixed,Forest
1023,Low,Residential,Savanna
1024,Medium,Mixed,Shrubland
1025,High,Agricultural,Savanna
1026,Medium,Agricultural,Forest
1027,Low,Mixed,Grassland
1028,Medium,Residential,Forest
1029,High,Mixed,Savanna
1030,High,Residential,Grassland
1031,Low,Industrial,Forest
1032,High,Industrial,Savanna
1033,Low,Industrial,Shrubland
1034,High,Agricultural,Shrubland
1035,High,Residential,Savanna
1036,High,Residential,Grassland
1037,Medium,Mixed,Savanna
1038,Low,Residential,Shrubland
1039,Medium,Industrial,Savanna
1040,Low,Agricultural,Forest
1041,High,Residential,Shrubland
1042,Low,Industrial,Savanna
1043,High,Agricultural,Shrubland
1044,Low,Agricultural,Forest
1045,Low,Residential,Grassland
1046,Low,Industrial,Grassland
1047,High,Residential,Savanna
1048,Low,Industrial,Forest
1049,High,Mixed,Grassland
1050,Low,Residential,Grassland
1051,Low,Industrial,Forest
1052,Low,Industrial,Grassland
1053,Medium,Mixed,Savanna
1054,Medium,Industrial,Savanna
1055,Low,Agricultural,Savanna
1056,Medium,Agricultural,Savanna
1057,Medium,Mixed,Forest
1058,High,Agricultural,Shrubland
1059,Low,Residential,Grassland
1060,High,Residential,Forest
1061,Medium,Mixed,Forest
1062,Medium,Mixed,Forest
1063,Medium,Agricultural,Savanna
1064,High,Industrial,Shrubland
1065,High,Industrial,Forest
1066,Medium,Mixed,Shrubland
1067,Low,Industrial,Forest
1068,Medium,Industrial,Forest
1069,Medium,Industrial,Savanna
1070,Medium,Residential,Shrubland
1071,Low,Mixed,Grassland
1072,Low,Agricultural,Shrubland
1073,High,Agricultural,Shrubland
1074,Medium,Agricultural,Shrubland
1075,High,Agricultural,Grassland
1076,Low,Industrial,Savanna
1077,Low,Agricultural,Grassland
1078,Medium,Industrial,Savanna
1079,Low,Mixed,Forest
1080,Medium,Agricultural,Shrubland
1081,High,Mixed,Shrubland
1082,Low,Residential,Shrubland
1083,Low,Industrial,Savanna
1084,Medium,Residential,Forest
1085,Medium,Residential,Shrubland
1086,High,Residential,Forest
1087,Medium,Agricultural,Shrubland
1088,Medium,Industrial,Forest
1089,High,Mixed,Grassland
1090,High,Agricultural,Shrubland
1091,Low,Mixed,Savanna
1092,High,Residential,Grassland
1093,High,Industrial,Savanna
1094,Low,Industrial,Savanna
1095,Low,Agricultural,Shrubland
1096,Low,Residential,Forest
1097,Low,Agricultural,Forest
1098,Medium,Residential,Forest
1099,Medium,Agricultural,Grassland
1100,Low,Industrial,Grassland
1101,Low,Mixed,Shrubland
1102,High,Residential,Savanna
1103,Low,Mixed,Grassland
1104,Low,Industrial,Grassland
1105,High,Industrial,Shrubland
1106,High,Residential,Forest
1107,Medium,Mixed,Shrubland
1108,High,Agricultural,Grassland
1109,High,Agricultural,Shrubland
1110,Low,Agricultural,Grassland
1111,Medium,Agricultural,Shrubland
1112,Medium,Agricultural,Grassland
1113,Medium,Mixed,Grassland
1114,Medium,Agricultural,Grassland
1115,Medium,Industrial,Forest
1116,Low,Residential,Forest
1117,Low,Industrial,Forest
1118,Medium,Industrial,Grassland
1119,Medium,Industrial,Forest
1120,High,Residential,Grassland
1121,High,Agricultural,Grassland
1122,High,Residential,Savanna
1123,Medium,Residential,Grassland
1124,Medium,Residential,Shrubland
1125,Medium,Mixed,Savanna
1126,Medium,Residential,Shrubland
1127,Low,Industrial,Grassland
1128,Low,Agricultural,Shrubland
1129,Medium,Agricultural,Grassland
1130,Medium,Industrial,Forest
1131,Medium,Mixed,Forest
1132,High,Industrial,Forest
1133,Medium,Industrial,Shrubland
1134,Medium,Residential,Savanna
1135,High,Agricultural,Shrubland
1136,Low,Agricultural,Shrubland
1137,Low,Industrial,Grassland
1138,Medium,Residential,Grassland
1139,High,Industrial,Forest
1140,High,Mixed,Shrubland
1141,Medium,Residential,Forest
1142,Medium,Mixed,Shrubland
1143,Medium,Residential,Grassland
1144,High,Mixed,Grassland
1145,Low,Agricultural,Shrubland
1146,Medium,Residential,Forest
1147,High,Mixed,Grassland
1148,High,Agricultural,Grassland
1149,High,Mixed,Grassland
1150,Medium,Mixed,Shrubland
1151,Medium,Mixed,Savanna
1152,Medium,Residential,Savanna
1153,High,Residential,Grassland
1154,Low,Industrial,Forest
1155,High,Industrial,Savanna
1156,Low,Agricultural,Shrubland
1157,Low,Agricultural,Forest
1158,Medium,Industrial,Grassland
1159,Medium,Agricultural,Forest
1160,Low,Agricultural,Grassland
1161,Medium,Agricultural,Forest
1162,High,Mixed,Forest
1163,Medium,Agricultural,Grassland
1164,Low,Industrial,Shrubland
1165,Low,Industrial,Grassland
1166,High,Industrial,Forest
1167,High,Residential,Forest
1168,High,Mixed,Shrubland
1169,Low,Agricultural,Savanna
1170,High,Residential,Shrubland
1171,Medium,Mixed,Savanna
1172,Low,Mixed,Savanna
1173,Low,Industrial,Forest
1174,Low,Industrial,Forest
1175,High,Residential,Grassland
1176,High,Industrial,Savanna
1177,Low,Industrial,Shrubland
1178,Medium,Residential,Grassland
1179,Medium,Agricultural,Savanna
1180,Medium,Industrial,Shrubland
1181,Medium,Residential,Forest
1182,High,Agricultural,Shrubland
1183,High,Agricultural,Forest
1184,Medium,Industrial,Grassland
1185,Low,Residential,Forest
1186,Low,Industrial,Forest
1187,Low,Mixed,Savanna
1188,Low,Mixed,Savanna
1189,High,Industrial,Savanna
1190,High,Industrial,Shrubland
1191,High,Residential,Forest
1192,High,Agricultural,Savanna
1193,High,Industrial,Grassland
1194,Low,Industrial,Forest
1195,High,Industrial,Shrubland
1196,High,Residential,Shrubland
1197,Low,Mixed,Grassland
1198,Low,Agricultural,Grassland
1199,Medium,Residential,Grassland
1200,Low,Mixed,Forest
1201,Low,Mixed,Shrubland
1202,Medium,Mixed,Forest
1203,Medium,Industrial,Savanna
1204,High,Residential,Forest
1205,Medium,Industrial,Shrubland
1206,High,Residential,Shrubland
1207,Medium,Mixed,Shrubland
1208,Medium,Agricultural,Shrubland
1209,Medium,Residential,Forest
1210,High,Industrial,Forest
1211,Low,Mixed,Savanna
1212,High,Industrial,Forest
1213,Medium,Residential,Forest
1214,Medium,Industrial,Savanna
1215,Medium,Industrial,Grassland
1216,Medium,Agricultural,Grassland
1217,High,Mixed,Forest
1218,Low,Agricultural,Grassland
1219,Medium,Industrial,Grassland
1220,High,Industrial,Shrubland
1221,High,Mixed,Shrubland
1222,Low,Agricultural,Grassland
1223,Medium,Agricultural,Grassland
1224,Low,Agricultural,Shrubland
1225,Low,Agricultural,Grassland
1226,Medium,Residential,Grassland
1227,Low,Agricultural,Grassland
1228,Low,Agricultural,Forest
1229,High,Agricultural,Savanna
1230,High,Mixed,Shrubland
1231,Medium,Industrial,Forest
1232,High,Mixed,Grassland
1233,Low,Agricultural,Savanna
1234,Low,Residential,Savanna
1235,High,Mixed,Grassland
1236,Low,Industrial,Shrubland
1237,Medium,Mixed,Grassland
1238,High,Residential,Grassland
1239,Medium,Mixed,Forest
1240,Medium,Agricultural,Forest
1241,Low,Residential,Forest
1242,Low,Mixed,Grassland
1243,Medium,Industrial,Savanna
1244,High,Mixed,Shrubland
1245,Low,Agricultural,Grassland
1246,Low,Mixed,Savanna
1247,Medium,Residential,Grassland
1248,Medium,Mixed,Forest
1249,Low,Industrial,Shrubland
1250,High,Industrial,Savanna
1251,Medium,Mixed,Shrubland
1252,Medium,Residential,Savanna
1253,Low,Residential,Forest
1254,Medium,Mixed,Grassland
1255,High,Industrial,Savanna
1256,Medium,Agricultural,Forest
1257,High,Industrial,Shrubland
1258,Low,Residential,Savanna
1259,Low,Industrial,Forest
1260,Medium,Agricultural,Forest
1261,High,Residential,Savanna
1262,Low,Mixed,Savanna
1263,Low,Residential,Forest
1264,Medium,Industrial,Forest
1265,High,Industrial,Savanna
1266,High,Agricultural,Grassland
1267,High,Agricultural,Shrubland
1268,Medium,Mixed,Grassland
1269,Low,Residential,Savanna
1270,Medium,Agricultural,Savanna
1271,Medium,Industrial,Savanna
1272,Medium,Residential,Forest
1273,High,Industrial,Grassland
1274,High,Agricultural,Shrubland
1275,Medium,Residential,Savanna
1276,Low,Mixed,Savanna
1277,High,Agricultural,Shrubland
1278,Medium,Agricultural,Forest
1279,Low,Agricultural,Grassland
1280,Medium,Mixed,Forest
1281,High,Agricultural,Grassland
1282,Medium,Industrial,Forest
1283,Low,Agricultural,Shrubland
1284,Medium,Industrial,Shrubland
1285,Low,Agricultural,Grassland
1286,High,Industrial,Grassland
1287,Low,Agricultural,Forest
1288,Medium,Residential,Grassland
1289,High,Mixed,Forest
1290,Low,Industrial,Grassland
1291,Medium,Residential,Savanna
1292,High,Agricultural,Grassland
1293,Medium,Residential,Shrubland
1294,High,Industrial,Shrubland
1295,Low,Agricultural,Savanna
1296,High,Residential,Grassland
1297,Low,Industrial,Savanna
1298,Low,Residential,Grassland
1299,Medium,Agricultural,Forest
1300,Medium,Mixed,Shrubland
1301,High,Mixed,Forest
1302,Low,Industrial,Savanna
1303,Medium,Mixed,Forest
1304,High,Industrial,Forest
1305,Low,Mixed,Shrubland
1306,Medium,Agricultural,Grassland
1307,Low,Agricultural,Grassland
1308,High,Agricultural,Shrubland
1309,Low,Residential,Savanna
1310,Medium,Mixed,Shrubland
1311,Medium,Mixed,Shrubland
1312,Low,Industrial,Forest
1313,High,Residential,Shrubland
1314,Medium,Industrial,Grassland
1315,Low,Agricultural,Savanna
1316,High,Agricultural,Shrubland
1317,Low,Industrial,Shrubland
1318,Low,Agricultural,Savanna
1319,Low,Industrial,Savanna
1320,High,Residential,Savanna
1321,Medium,Residential,Shrubland
1322,Low,Mixed,Grassland
1323,Medium,Mixed,Grassland
1324,Medium,Mixed,Shrubland
1325,Medium,Mixed,Grassland
1326,Low,Residential,Grassland
1327,Low,Mixed,Shrubland
1328,Medium,Agricultural,Grassland
1329,Low,Industrial,Shrubland
1330,Medium,Mixed,Grassland
1331,High,Agricultural,Forest
1332,Medium,Mixed,Shrubland
1333,Low,Residential,Grassland
1334,Medium,Industrial,Savanna
1335,Low,Industrial,Grassland
1336,Low,Residential,Forest
1337,High,Residential,Savanna
1338,Medium,Mixed,Forest
1339,Low,Mixed,Grassland
1340,Low,Residential,Shrubland
1341,High,Residential,Shrubland
1342,Low,Industrial,Grassland
1343,Medium,Agricultural,Savanna
1344,Low,Agricultural,Forest
1345,Low,Agricultural,Shrubland
1346,Low,Industrial,Shrubland
1347,Medium,Industrial,Grassland
1348,Low,Industrial,Shrubland
1349,High,Industrial,Savanna
1350,High,Mixed,Shrubland
1351,Low,Industrial,Shrubland
1352,High,Residential,Forest
1353,Medium,Agricultural,Grassland
1354,Medium,Agricultural,Savanna
1355,Low,Industrial,Grassland
1356,Medium,Mixed,Grassland
1357,Low,Industrial,Forest
1358,Low,Agricultural,Savanna
1359,Medium,Agricultural,Grassland
1360,Low,Mixed,Savanna
1361,Medium,Residential,Grassland
1362,Low,Mixed,Forest
1363,Medium,Residential,Savanna
1364,Low,Residential,Forest
1365,High,Industrial,Savanna
1366,High,Mixed,Savanna
1367,Medium,Industrial,Forest
1368,Medium,Residential,Grassland
1369,High,Residential,Shrubland
1370,Low,Mixed,Shrubland
1371,Medium,Mixed,Forest
1372,High,Mixed,Forest
1373,Low,Mixed,Grassland
1374,Medium,Mixed,Grassland
1375,High,Agricultural,Shrubland
1376,Medium,Residential,Forest
1377,High,Residential,Forest
1378,Medium,Mixed,Grassland
1379,Medium,Mixed,Grassland
1380,Medium,Mixed,Forest
1381,Low,Residential,Forest
1382,Low,Industrial,Forest
1383,High,Mixed,Forest
1384,Medium,Agricultural,Savanna
1385,Medium,Agricultural,Shrubland
1386,Low,Mixed,Forest
1387,Medium,Agricultural,Shrubland
1388,Low,Residential,Savanna
1389,Medium,Mixed,Forest
1390,Low,Mixed,Grassland
1391,Medium,Industrial,Savanna
1392,Low,Residential,Savanna
1393,Medium,Residential,Savanna
1394,High,Mixed,Grassland
1395,High,Mixed,Shrubland
1396,High,Mixed,Forest
1397,Medium,Residential,Forest
1398,High,Agricultural,Shrubland
1399,High,Mixed,Savanna
1400,High,Mixed,Forest
1401,Low,Mixed,Grassland
1402,Medium,Mixed,Grassland
1403,Medium,Industrial,Shrubland
1404,Medium,Mixed,Savanna
1405,High,Industrial,Forest
1406,Low,Industrial,Grassland
1407,Low,Industrial,Grassland
1408,Low,Residential,Shrubland
1409,Medium,Agricultural,Shrubland
1410,High,Industrial,Savanna
1411,High,Industrial,Grassland
1412,High,Industrial,Shrubland
1413,Medium,Agricultural,Forest
1414,Low,Residential,Shrubland
1415,Medium,Residential,Grassland
1416,Low,Industrial,Savanna
1417,High,Residential,Shrubland
1418,Medium,Mixed,Savanna
1419,High,Residential,Forest
1420,Medium,Residential,Shrubland
1421,Medium,Agricultural,Grassland
1422,High,Industrial,Shrubland
1423,Medium,Mixed,Grassland
1424,High,Residential,Shrubland
1425,High,Agricultural,Grassland
1426,Medium,Industrial,Savanna
1427,Low,Mixed,Grassland
1428,Low,Residential,Grassland
1429,Medium,Industrial,Shrubland
1430,High,Industrial,Shrubland
1431,High,Agricultural,Savanna
1432,Low,Residential,Shrubland
1433,Medium,Industrial,Savanna
1434,Low,Industrial,Forest
1435,High,Residential,Savanna
1436,Low,Agricultural,Shrubland
1437,High,Mixed,Savanna
1438,Medium,Residential,Shrubland
1439,Low,Industrial,Savanna
1440,Medium,Agricultural,Shrubland
1441,Low,Residential,Grassland
1442,Low,Residential,Savanna
1443,Low,Industrial,Grassland
1444,Low,Residential,Savanna
1445,High,Residential,Grassland
1446,High,Agricultural,Savanna
1447,Low,Mixed,Savanna
1448,Low,Residential,Shrubland
1449,Low,Residential,Forest
1450,High,Agricultural,Grassland
1451,High,Agricultural,Grassland
1452,Low,Residential,Savanna
1453,High,Agricultural,Shrubland
1454,Medium,Industrial,Savanna
1455,High,Industrial,Grassland
1456,High,Industrial,Shrubland
1457,Low,Agricultural,Grassland
1458,Low,Industrial,Forest
1459,High,Residential,Savanna
1460,Medium,Residential,Shrubland
1461,High,Mixed,Grassland
1462,Low,Industrial,Shrubland
1463,Medium,Industrial,Grassland
1464,Medium,Mixed,Shrubland
1465,High,Industrial,Grassland
1466,Medium,Industrial,Savanna
1467,High,Mixed,Shrubland
1468,Medium,Mixed,Shrubland
1469,Low,Residential,Grassland
1470,Medium,Mixed,Shrubland
1471,Low,Agricultural,Savanna
1472,Medium,Industrial,Shrubland
1473,Low,Agricultural,Grassland
1474,High,Mixed,Forest
1475,Medium,Agricultural,Grassland
1476,Low,Agricultural,Shrubland
1477,Medium,Industrial,Grassland
1478,Medium,Agricultural,Forest
1479,High,Residential,Shrubland
1480,High,Residential,Forest
1481,Medium,Residential,Savanna
1482,Medium,Mixed,Grassland
1483,Low,Industrial,Shrubland
1484,High,Agricultural,Savanna
1485,High,Mixed,Savanna
1486,Low,Agricultural,Grassland
1487,High,Industrial,Forest
1488,Low,Residential,Forest
1489,Low,Agricultural,Forest
1490,High,Industrial,Savanna
1491,Medium,Agricultural,Grassland
1492,Medium,Mixed,Grassland
1493,Medium,Agricultural,Savanna
1494,High,Industrial,Forest
1495,High,Industrial,Shrubland
1496,Low,Residential,Shrubland
1497,Medium,Industrial,Forest
1498,Low,Residential,Savanna
1499,Medium,Agricultural,Savanna
1500,Low,Residential,Savanna
1501,High,Agricultural,Forest
1502,Medium,Residential,Savanna
1503,High,Industrial,Forest
1504,High,Mixed,Grassland
1505,Medium,Agricultural,Savanna
1506,Low,Residential,Shrubland
1507,Low,Agricultural,Shrubland
1508,High,Agricultural,Shrubland
1509,Medium,Mixed,Shrubland
1510,Low,Industrial,Grassland
1511,Low,Industrial,Forest
1512,Medium,Industrial,Grassland
1513,High,Mixed,Forest
1514,Medium,Mixed,Shrubland
1515,High,Agricultural,Savanna
1516,High,Industrial,Grassland
1517,High,Residential,Savanna
1518,High,Agricultural,Forest
1519,High,Agricultural,Forest
1520,Medium,Residential,Grassland
1521,Medium,Industrial,Grassland
1522,Medium,Industrial,Forest
1523,High,Agricultural,Savanna
1524,Low,Mixed,Shrubland
1525,Low,Agricultural,Forest
1526,Low,Agricultural,Forest
1527,High,Industrial,Savanna
1528,Low,Residential,Grassland
1529,Medium,Residential,Forest
1530,Medium,Mixed,Forest
1531,High,Mixed,Grassland
1532,Medium,Industrial,Grassland
1533,Low,Residential,Shrubland
1534,High,Residential,Grassland
1535,Low,Agricultural,Savanna
1536,Medium,Industrial,Grassland
1537,Medium,Industrial,Shrubland
1538,High,Industrial,Savanna
1539,Low,Residential,Forest
1540,Low,Industrial,Shrubland
1541,Medium,Mixed,Forest
1542,Medium,Residential,Shrubland
1543,Medium,Agricultural,Grassland
1544,High,Agricultural,Savanna
1545,High,Mixed,Savanna
1546,Medium,Mixed,Grassland
1547,High,Residential,Savanna
1548,High,Industrial,Grassland
1549,Low,Industrial,Forest
1550,High,Industrial,Savanna
1551,High,Mixed,Grassland
1552,Low,Mixed,Grassland
1553,High,Industrial,Shrubland
1554,Medium,Industrial,Forest
1555,Low,Agricultural,Shrubland
1556,Low,Agricultural,Savanna
1557,High,Industrial,Forest
1558,High,Agricultural,Shrubland
1559,High,Agricultural,Shrubland
1560,High,Industrial,Grassland
1561,Low,Residential,Forest
1562,High,Residential,Shrubland
1563,Medium,Residential,Shrubland
1564,Medium,Agricultural,Forest
1565,High,Mixed,Shrubland
1566,Medium,Residential,Grassland
1567,High,Agricultural,Shrubland
1568,Medium,Industrial,Shrubland
1569,Low,Industrial,Shrubland
1570,Low,Mixed,Forest
1571,Medium,Industrial,Grassland
1572,High,Industrial,Grassland
1573,High,Residential,Savanna
1574,High,Industrial,Savanna
1575,Low,Agricultural,Grassland
1576,Medium,Industrial,Forest
1577,Low,Industrial,Savanna
1578,High,Agricultural,Forest
1579,Low,Agricultural,Shrubland
1580,Low,Mixed,Savanna
1581,High,Residential,Grassland
1582,High,Residential,Shrubland
1583,High,Mixed,Savanna
1584,Low,Agricultural,Savanna
1585,Medium,Agricultural,Forest
1586,High,Mixed,Grassland
1587,Low,Agricultural,Savanna
1588,Low,Residential,Forest
1589,Low,Mixed,Forest
1590,High,Residential,Savanna
1591,High,Industrial,Forest
1592,High,Mixed,Forest
1593,Medium,Residential,Grassland
1594,Medium,Residential,Savanna
1595,High,Industrial,Forest
1596,Low,Industrial,Forest
1597,Low,Mixed,Grassland
1598,Low,Residential,Grassland
1599,Medium,Residential,Forest
1600,Low,Agricultural,Forest
1601,Low,Mixed,Savanna
1602,Medium,Residential,Savanna
1603,Medium,Mixed,Savanna
1604,Medium,Residential,Forest
1605,High,Industrial,Forest
1606,Low,Industrial,Shrubland
1607,Low,Mixed,Savanna
1608,High,Mixed,Savanna
1609,High,Agricultural,Forest
1610,Medium,Mixed,Grassland
1611,High,Mixed,Forest
1612,Medium,Mixed,Savanna
1613,High,Mixed,Savanna
1614,High,Agricultural,Grassland
1615,High,Agricultural,Grassland
1616,Low,Agricultural,Savanna
1617,High,Mixed,Grassland
1618,High,Industrial,Forest
1619,Medium,Industrial,Savanna
1620,High,Agricultural,Savanna
1621,Low,Mixed,Grassland
1622,High,Industrial,Shrubland
1623,Medium,Mixed,Savanna
1624,Low,Agricultural,Forest
1625,High,Agricultural,Forest
1626,High,Agricultural,Savanna
1627,Low,Residential,Savanna
1628,High,Mixed,Grassland
1629,Low,Residential,Shrubland
1630,High,Industrial,Shrubland
1631,Medium,Residential,Grassland
1632,Medium,Agricultural,Savanna
1633,High,Residential,Forest
1634,Low,Residential,Savanna
1635,Low,Residential,Grassland
1636,Medium,Mixed,Savanna
1637,High,Agricultural,Grassland
1638,High,Industrial,Savanna
1639,High,Residential,Shrubland
1640,Medium,Residential,Savanna
1641,Medium,Agricultural,Savanna
1642,High,Mixed,Shrubland
1643,Low,Industrial,Savanna
1644,Medium,Residential,Shrubland
1645,High,Industrial,Grassland
1646,Low,Industrial,Forest
1647,Low,Mixed,Savanna
1648,High,Agricultural,Forest
1649,Low,Industrial,Shrubland
1650,Low,Mixed,Savanna
1651,Low,Mixed,Shrubland
1652,Medium,Residential,Savanna
1653,Low,Agricultural,Savanna
1654,High,Industrial,Forest
1655,Medium,Residential,Forest
1656,Medium,Residential,Grassland
1657,Low,Agricultural,Shrubland
1658,High,Residential,Savanna
1659,High,Mixed,Savanna
1660,Low,Agricultural,Forest
1661,Low,Agricultural,Savanna
1662,High,Mixed,Savanna
1663,High,Residential,Savanna
1664,Low,Mixed,Forest
1665,Low,Residential,Savanna
1666,Medium,Mixed,Forest
1667,Medium,Residential,Savanna
1668,High,Mixed,Forest
1669,Low,Industrial,Savanna
1670,Medium,Agricultural,Shrubland
1671,Medium,Mixed,Forest
1672,Low,Mixed,Grassland
1673,Medium,Industrial,Grassland
1674,High,Agricultural,Shrubland
1675,Medium,Agricultural,Forest
1676,Medium,Industrial,Shrubland
1677,Medium,Agricultural,Grassland
1678,Low,Residential,Savanna
1679,Low,Residential,Shrubland
1680,High,Mixed,Shrubland
1681,Medium,Mixed,Shrubland
1682,Low,Industrial,Shrubland
1683,Medium,Residential,Grassland
1684,Medium,Residential,Savanna
1685,High,Industrial,Grassland
1686,Low,Residential,Shrubland
1687,Medium,Industrial,Shrubland
1688,Low,Agricultural,Grassland
1689,Medium,Industrial,Grassland
1690,High,Mixed,Grassland
1691,High,Industrial,Shrubland
1692,High,Mixed,Shrubland
1693,High,Industrial,Shrubland
1694,Medium,Mixed,Grassland
1695,Medium,Residential,Forest
1696,High,Mixed,Shrubland
1697,Medium,Mixed,Forest
1698,High,Agricultural,Savanna
1699,High,Industrial,Grassland
1700,Low,Mixed,Shrubland
1701,High,Residential,Forest
1702,High,Residential,Savanna
1703,Medium,Mixed,Savanna
1704,High,Mixed,Shrubland
1705,High,Industrial,Forest
1706,High,Agricultural,Forest
1707,High,Industrial,Shrubland
1708,High,Industrial,Savanna
1709,Low,Agricultural,Savanna
1710,Low,Agricultural,Grassland
1711,Medium,Agricultural,Grassland
1712,High,Industrial,Grassland
1713,Low,Residential,Forest
1714,Low,Industrial,Grassland
1715,Medium,Mixed,Grassland
1716,Low,Residential,Savanna
1717,High,Industrial,Shrubland
1718,Low,Mixed,Shrubland
1719,High,Industrial,Forest
1720,Medium,Industrial,Grassland
1721,High,Mixed,Savanna
1722,Low,Industrial,Grassland
1723,High,Mixed,Grassland
1724,Medium,Industrial,Savanna
1725,High,Residential,Shrubland
1726,Medium,Mixed,Shrubland
1727,Medium,Mixed,Forest
1728,High,Industrial,Grassland
1729,High,Industrial,Grassland
1730,Medium,Agricultural,Shrubland
1731,Low,Industrial,Shrubland
1732,High,Mixed,Grassland
1733,Medium,Agricultural,Shrubland
1734,Low,Residential,Forest
1735,Low,Industrial,Shrubland
1736,High,Industrial,Forest
1737,High,Residential,Grassland
1738,High,Industrial,Forest
1739,High,Mixed,Grassland
1740,Medium,Mixed,Forest
1741,High,Agricultural,Forest
1742,Medium,Residential,Grassland
1743,High,Mixed,Grassland
1744,High,Industrial,Forest
1745,Low,Industrial,Grassland
1746,Medium,Industrial,Forest
1747,High,Industrial,Savanna
1748,Medium,Agricultural,Grassland
1749,Medium,Residential,Grassland
1750,Low,Residential,Savanna
1751,High,Industrial,Shrubland
1752,Low,Agricultural,Forest
1753,Low,Residential,Grassland
1754,Medium,Industrial,Forest
1755,Low,Residential,Savanna
1756,Medium,Mixed,Shrubland
1757,Low,Mixed,Shrubland
1758,High,Residential,Shrubland
1759,Low,Residential,Forest
1760,Low,Industrial,Shrubland
1761,High,Residential,Savanna
1762,High,Mixed,Grassland
1763,Medium,Agricultural,Forest
1764,Medium,Industrial,Shrubland
1765,Low,Residential,Forest
1766,Medium,Mixed,Shrubland
1767,High,Industrial,Forest
1768,High,Industrial,Forest
1769,Low,Mixed,Grassland
1770,Medium,Industrial,Grassland
1771,Medium,Residential,Forest
1772,Low,Residential,Savanna
1773,Low,Agricultural,Savanna
1774,Medium,Industrial,Shrubland
1775,Low,Mixed,Shrubland
1776,Low,Industrial,Grassland
1777,Low,Residential,Grassland
1778,Low,Mixed,Forest
1779,Low,Residential,Forest
1780,High,Residential,Savanna
1781,High,Agricultural,Shrubland
1782,Medium,Industrial,Shrubland
1783,Medium,Agricultural,Shrubland
1784,Low,Mixed,Savanna
1785,High,Mixed,Forest
1786,High,Industrial,Grassland
1787,High,Residential,Shrubland
1788,Low,Industrial,Savanna
1789,Medium,Residential,Shrubland
1790,Medium,Residential,Forest
1791,High,Industrial,Forest
1792,Low,Industrial,Shrubland
1793,Low,Residential,Grassland
1794,High,Agricultural,Shrubland
1795,High,Industrial,Grassland
1796,High,Industrial,Savanna
1797,Medium,Residential,Savanna
1798,Low,Residential,Shrubland
1799,High,Industrial,Savanna
1800,High,Mixed,Savanna
1801,Low,Mixed,Grassland
1802,High,Mixed,Shrubland
1803,High,Agricultural,Shrubland
1804,Low,Agricultural,Grassland
1805,High,Mixed,Shrubland
1806,Low,Industrial,Savanna
1807,High,Agricultural,Forest
1808,Low,Agricultural,Grassland
1809,Medium,Industrial,Savanna
1810,High,Agricultural,Savanna
1811,Medium,Agricultural,Forest
1812,Low,Mixed,Grassland
1813,High,Industrial,Shrubland
1814,Medium,Agricultural,Savanna
1815,Medium,Agricultural,Forest
1816,Low,Industrial,Grassland
1817,High,Industrial,Savanna
1818,Low,Residential,Forest
1819,Medium,Agricultural,Savanna
1820,High,Industrial,Savanna
1821,Medium,Mixed,Grassland
1822,High,Mixed,Savanna
1823,Medium,Mixed,Savanna
1824,Low,Mixed,Forest
1825,Medium,Residential,Forest
1826,High,Residential,Shrubland
1827,Medium,Industrial,Grassland
1828,Low,Mixed,Savanna
1829,Medium,Residential,Savanna
1830,High,Residential,Forest
1831,High,Agricultural,Savanna
1832,Medium,Industrial,Shrubland
1833,Medium,Agricultural,Forest
1834,Low,Industrial,Shrubland
1835,High,Agricultural,Grassland
1836,High,Residential,Savanna
1837,Medium,Residential,Shrubland
1838,Medium,Agricultural,Shrubland
1839,High,Industrial,Forest
1840,Medium,Mixed,Forest
1841,High,Residential,Shrubland
1842,High,Mixed,Grassland
1843,Low,Industrial,Shrubland
1844,High,Agricultural,Savanna
1845,Low,Industrial,Savanna
1846,Low,Agricultural,Forest
1847,Low,Industrial,Grassland
1848,Low,Mixed,Shrubland
1849,High,Mixed,Grassland
1850,Medium,Mixed,Forest
1851,Low,Industrial,Savanna
1852,Medium,Agricultural,Forest
1853,Medium,Mixed,Shrubland
1854,Medium,Residential,Shrubland
1855,Low,Agricultural,Shrubland
1856,Medium,Mixed,Shrubland
1857,Low,Agricultural,Shrubland
1858,Low,Industrial,Savanna
1859,Low,Industrial,Savanna
1860,Low,Mixed,Grassland
1861,High,Mixed,Grassland
1862,Medium,Residential,Savanna
1863,Medium,Industrial,Savanna
1864,High,Agricultural,Shrubland
1865,High,Residential,Forest
1866,High,Industrial,Forest
1867,Medium,Agricultural,Forest
1868,Medium,Agricultural,Forest
1869,Low,Mixed,Savanna
1870,Medium,Industrial,Savanna
1871,Medium,Mixed,Grassland
1872,Low,Agricultural,Savanna
1873,Low,Mixed,Shrubland
1874,Low,Mixed,Grassland
1875,High,Residential,Savanna
1876,Low,Mixed,Grassland
1877,High,Agricultural,Grassland
1878,Low,Mixed,Forest
1879,High,Residential,Savanna
1880,High,Residential,Savanna
1881,Low,Residential,Grassland
1882,High,Industrial,Savanna
1883,Medium,Mixed,Forest
1884,High,Agricultural,Grassland
1885,Medium,Residential,Shrubland
1886,High,Mixed,Forest
1887,Medium,Residential,Shrubland
1888,High,Industrial,Savanna
1889,High,Residential,Savanna
1890,Low,Residential,Grassland
1891,Low,Agricultural,Forest
1892,Low,Industrial,Shrubland
1893,High,Agricultural,Forest
1894,High,Residential,Savanna
1895,Low,Agricultural,Grassland
1896,Low,Mixed,Grassland
1897,Low,Mixed,Grassland
1898,Low,Mixed,Grassland
1899,Medium,Residential,Grassland
1900,Low,Mixed,Grassland
1901,Medium,Industrial,Grassland
1902,Medium,Residential,Shrubland
1903,Medium,Mixed,Forest
1904,Medium,Residential,Shrubland
1905,Medium,Mixed,Shrubland
1906,Low,Residential,Shrubland
1907,Low,Mixed,Forest
1908,Low,Industrial,Forest
1909,High,Residential,Grassland
1910,Medium,Mixed,Savanna
1911,Medium,Mixed,Forest
1912,High,Agricultural,Savanna
1913,High,Residential,Forest
1914,Low,Industrial,Shrubland
1915,Medium,Residential,Shrubland
1916,Medium,Residential,Grassland
1917,High,Residential,Grassland
1918,Low,Industrial,Forest
1919,High,Residential,Savanna
1920,Medium,Agricultural,Savanna
1921,Low,Agricultural,Forest
1922,Low,Residential,Forest
1923,Low,Residential,Grassland
1924,Medium,Agricultural,Grassland
1925,Low,Industrial,Shrubland
1926,Low,Mixed,Grassland
1927,High,Industrial,Savanna
1928,High,Industrial,Shrubland
1929,Medium,Residential,Grassland
1930,Medium,Mixed,Savanna
1931,Low,Industrial,Forest
1932,Medium,Industrial,Shrubland
1933,High,Mixed,Grassland
1934,Low,Mixed,Grassland
1935,High,Industrial,Shrubland
1936,Medium,Residential,Shrubland
1937,High,Industrial,Grassland
1938,Low,Mixed,Savanna
1939,High,Residential,Shrubland
1940,Medium,Agricultural,Savanna
1941,High,Mixed,Grassland
1942,Low,Industrial,Shrubland
1943,Low,Agricultural,Shrubland
1944,Medium,Industrial,Grassland
1945,Medium,Residential,Grassland
1946,Medium,Agricultural,Savanna
1947,High,Mixed,Grassland
1948,Low,Residential,Savanna
1949,Medium,Residential,Forest
1950,Low,Agricultural,Savanna
1951,High,Industrial,Grassland
1952,Medium,Residential,Shrubland
1953,High,Industrial,Savanna
1954,High,Agricultural,Forest
1955,High,Mixed,Grassland
1956,High,Residential,Forest
1957,Low,Agricultural,Forest
1958,High,Mixed,Grassland
1959,High,Residential,Shrubland
1960,High,Residential,Savanna
1961,Medium,Industrial,Shrubland
1962,High,Mixed,Forest
1963,High,Residential,Grassland
1964,Low,Mixed,Savanna
1965,High,Industrial,Savanna
1966,High,Mixed,Forest
1967,Low,Mixed,Grassland
1968,Low,Mixed,Grassland
1969,Medium,Mixed,Shrubland
1970,Low,Mixed,Savanna
1971,High,Residential,Grassland
1972,Medium,Agricultural,Grassland
1973,Low,Agricultural,Forest
1974,High,Agricultural,Grassland
1975,High,Agricultural,Grassland
1976,Low,Agricultural,Forest
1977,High,Agricultural,Forest
1978,Low,Mixed,Shrubland
1979,Low,Industrial,Grassland
1980,Low,Industrial,Shrubland
1981,Medium,Mixed,Savanna
1982,High,Residential,Savanna
1983,High,Mixed,Shrubland
1984,High,Agricultural,Grassland
1985,Medium,Agricultural,Savanna
1986,High,Residential,Grassland
1987,Low,Industrial,Shrubland
1988,Low,Residential,Savanna
1989,High,Mixed,Savanna
1990,Low,Mixed,Shrubland
1991,High,Industrial,Shrubland
1992,Low,Agricultural,Grassland
1993,Low,Agricultural,Savanna
1994,High,Industrial,Savanna
1995,Low,Residential,Forest
1996,Medium,Mixed,Shrubland
1997,High,Industrial,Grassland
1998,Medium,Industrial,Shrubland
1999,Medium,Agricultural,Savanna
2000,Low,Mixed,Forest
2001,High,Agricultural,Grassland
2002,Medium,Agricultural,Grassland
2003,Medium,Residential,Savanna
2004,High,Mixed,Forest
2005,Medium,Agricultural,Grassland
2006,Low,Residential,Grassland
2007,High,Residential,Forest
2008,Medium,Residential,Savanna
2009,High,Mixed,Savanna
2010,Low,Agricultural,Grassland
2011,High,Industrial,Grassland
2012,High,Agricultural,Forest
2013,High,Industrial,Savanna
2014,Low,Residential,Savanna
2015,High,Residential,Forest
2016,Low,Agricultural,Grassland
2017,Low,Agricultural,Forest
2018,Low,Mixed,Savanna
2019,Medium,Agricultural,Forest
2020,High,Mixed,Grassland
2021,Low,Industrial,Savanna
2022,High,Industrial,Savanna
2023,High,Agricultural,Grassland
2024,Medium,Agricultural,Forest
2025,Medium,Residential,Shrubland
2026,Low,Industrial,Grassland
2027,High,Industrial,Savanna
2028,High,Industrial,Shrubland
2029,Medium,Mixed,Savanna
2030,Medium,Agricultural,Shrubland
2031,Low,Industrial,Forest
2032,Low,Agricultural,Savanna
2033,High,Agricultural,Forest
2034,Medium,Mixed,Savanna
2035,Low,Residential,Shrubland
2036,Medium,Mixed,Shrubland
2037,Low,Agricultural,Shrubland
2038,High,Agricultural,Shrubland
2039,Low,Residential,Savanna
2040,Medium,Agricultural,Forest
2041,High,Mixed,Grassland
2042,Medium,Residential,Savanna
2043,Medium,Industrial,Shrubland
2044,Medium,Mixed,Savanna
2045,Low,Agricultural,Grassland
2046,High,Industrial,Shrubland
2047,High,Mixed,Savanna
2048,High,Residential,Grassland
2049,High,Industrial,Grassland
2050,Low,Agricultural,Grassland
2051,High,Agricultural,Forest
2052,High,Residential,Shrubland
2053,Low,Agricultural,Savanna
2054,Medium,Mixed,Forest
2055,High,Agricultural,Shrubland
2056,Medium,Residential,Shrubland
2057,Low,Residential,Forest
2058,High,Mixed,Shrubland
2059,Medium,Residential,Shrubland
2060,Low,Mixed,Shrubland
2061,Low,Residential,Forest
2062,Low,Mixed,Forest
2063,High,Agricultural,Savanna
2064,High,Mixed,Savanna
2065,High,Residential,Grassland
2066,Medium,Mixed,Shrubland
2067,Medium,Residential,Grassland
2068,High,Residential,Savanna
2069,Low,Agricultural,Forest
2070,High,Residential,Forest
2071,Medium,Mixed,Forest
2072,Medium,Residential,Forest
2073,Low,Mixed,Grassland
2074,Low,Agricultural,Grassland
2075,High,Mixed,Grassland
2076,Low,Residential,Forest
2077,Medium,Residential,Shrubland
2078,Low,Mixed,Shrubland
2079,Low,Residential,Savanna
2080,High,Industrial,Savanna
2081,Medium,Agricultural,Forest
2082,Low,Industrial,Shrubland
2083,High,Industrial,Forest
2084,Low,Agricultural,Grassland
2085,Medium,Industrial,Savanna
2086,High,Industrial,Forest
2087,Medium,Agricultural,Savanna
2088,Low,Industrial,Forest
2089,Medium,Mixed,Grassland
2090,Low,Residential,Savanna
2091,Medium,Mixed,Forest
2092,Low,Residential,Shrubland
2093,Low,Mixed,Shrubland
2094,High,Mixed,Shrubland
2095,Medium,Agricultural,Savanna
2096,High,Mixed,Grassland
2097,Low,Residential,Shrubland
2098,Medium,Mixed,Forest
2099,High,Mixed,Forest
2100,Medium,Agricultural,Grassland
2101,Medium,Industrial,Savanna
2102,High,Mixed,Grassland
2103,Low,Residential,Shrubland
2104,High,Industrial,Savanna
2105,Medium,Agricultural,Savanna
2106,High,Mixed,Forest
2107,High,Agricultural,Savanna
2108,Medium,Industrial,Grassland
2109,Low,Industrial,Shrubland
2110,High,Agricultural,Grassland
2111,Low,Agricultural,Savanna
2112,Low,Industrial,Forest
2113,Medium,Mixed,Grassland
2114,Medium,Industrial,Grassland
2115,Low,Mixed,Forest
2116,Medium,Agricultural,Savanna
2117,High,Industrial,Savanna
2118,Low,Mixed,Shrubland
2119,Medium,Residential,Savanna
2120,Medium,Industrial,Grassland
2121,High,Industrial,Shrubland
2122,Medium,Residential,Forest
2123,Medium,Residential,Grassland
2124,Medium,Residential,Savanna
2125,Medium,Mixed,Shrubland
2126,Low,Residential,Savanna
2127,Low,Agricultural,Grassland
2128,Low,Mixed,Shrubland
2129,Medium,Agricultural,Savanna
2130,Medium,Agricultural,Forest
2131,Low,Mixed,Forest
2132,High,Mixed,Grassland
2133,Low,Mixed,Forest
2134,High,Residential,Forest
2135,Medium,Residential,Grassland
2136,Medium,Mixed,Forest
2137,Low,Mixed,Savanna
2138,Medium,Agricultural,Grassland
2139,Medium,Industrial,Savanna
2140,High,Mixed,Grassland
2141,Low,Residential,Forest
2142,Medium,Residential,Savanna
2143,High,Mixed,Shrubland
2144,Low,Industrial,Shrubland
2145,Low,Industrial,Savanna
2146,Medium,Residential,Grassland
2147,Medium,Mixed,Shrubland
2148,Low,Industrial,Forest
2149,High,Residential,Forest
2150,Low,Mixed,Forest
2151,High,Agricultural,Grassland
2152,Medium,Residential,Forest
2153,Medium,Residential,Shrubland
2154,Low,Industrial,Shrubland
2155,Low,Agricultural,Shrubland
2156,Low,Residential,Grassland
2157,High,Agricultural,Savanna
2158,High,Agricultural,Forest
2159,Medium,Mixed,Shrubland
2160,Low,Industrial,Forest
2161,High,Agricultural,Grassland
2162,Low,Agricultural,Savanna
2163,Low,Mixed,Forest
2164,Medium,Residential,Grassland
2165,Medium,Industrial,Shrubland
2166,Low,Industrial,Forest
2167,High,Industrial,Forest
2168,Low,Mixed,Grassland
2169,Low,Mixed,Shrubland
2170,High,Agricultural,Savanna
2171,Low,Mixed,Savanna
2172,Medium,Industrial,Forest
2173,High,Mixed,Grassland
2174,Low,Residential,Forest
2175,High,Residential,Forest
2176,High,Industrial,Forest
2177,Low,Industrial,Grassland
2178,Low,Residential,Shrubland
2179,Medium,Industrial,Grassland
2180,High,Mixed,Forest
2181,Medium,Agricultural,Shrubland
2182,Low,Agricultural,Savanna
2183,Medium,Industrial,Grassland
2184,Low,Mixed,Grassland
2185,Medium,Residential,Forest
2186,Medium,Residential,Forest
2187,Medium,Industrial,Grassland
2188,Medium,Industrial,Forest
2189,Medium,Agricultural,Shrubland
2190,High,Agricultural,Forest
2191,High,Mixed,Forest
2192,High,Industrial,Forest
2193,Low,Mixed,Savanna
2194,Low,Mixed,Grassland
2195,High,Mixed,Shrubland
2196,High,Industrial,Grassland
2197,Low,Industrial,Forest
2198,Low,Mixed,Forest
2199,Low,Residential,Forest
2200,High,Mixed,Savanna
2201,Low,Mixed,Savanna
2202,Medium,Agricultural,Grassland
2203,Low,Residential,Savanna
2204,Low,Agricultural,Grassland
2205,Low,Mixed,Shrubland
2206,Low,Industrial,Grassland
2207,Medium,Agricultural,Grassland
2208,Medium,Agricultural,Grassland
2209,Low,Agricultural,Shrubland
2210,High,Residential,Shrubland
2211,Low,Industrial,Grassland
2212,Medium,Industrial,Savanna
2213,Low,Residential,Grassland
2214,High,Agricultural,Shrubland
2215,Medium,Mixed,Forest
2216,Low,Residential,Savanna
2217,Medium,Industrial,Forest
2218,Low,Agricultural,Shrubland
2219,Low,Industrial,Shrubland
2220,Medium,Industrial,Forest
2221,Low,Mixed,Grassland
2222,Low,Mixed,Savanna
2223,Low,Agricultural,Shrubland
2224,High,Agricultural,Forest
2225,Medium,Residential,Shrubland
2226,High,Agricultural,Grassland
2227,High,Agricultural,Grassland
2228,High,Residential,Grassland
2229,High,Mixed,Grassland
2230,Low,Industrial,Shrubland
2231,Medium,Mixed,Forest
2232,Medium,Mixed,Grassland
2233,Low,Mixed,Grassland
2234,Low,Mixed,Forest
2235,High,Agricultural,Grassland
2236,High,Agricultural,Grassland
2237,Medium,Residential,Shrubland
2238,High,Residential,Savanna
2239,High,Mixed,Savanna
2240,High,Industrial,Grassland
2241,Medium,Industrial,Savanna
2242,Medium,Industrial,Forest
2243,High,Residential,Grassland
2244,Medium,Residential,Grassland
2245,Medium,Agricultural,Savanna
2246,High,Agricultural,Forest
2247,High,Mixed,Forest
2248,Low,Industrial,Grassland
2249,Low,Mixed,Forest
2250,Low,Mixed,Grassland
2251,Medium,Agricultural,Savanna
2252,Low,Agricultural,Shrubland
2253,Low,Industrial,Shrubland
2254,Low,Industrial,Grassland
2255,Low,Agricultural,Grassland
2256,High,Residential,Grassland
2257,High,Residential,Shrubland
2258,Medium,Industrial,Forest
2259,Low,Industrial,Savanna
2260,Low,Industrial,Grassland
2261,High,Industrial,Grassland
2262,Low,Residential,Grassland
2263,Low,Agricultural,Grassland
2264,Low,Residential,Shrubland
2265,High,Mixed,Shrubland
2266,High,Industrial,Shrubland
2267,High,Industrial,Grassland
2268,Low,Residential,Forest
2269,High,Industrial,Grassland
2270,Medium,Industrial,Forest
2271,Medium,Agricultural,Forest
2272,Medium,Industrial,Grassland
2273,High,Residential,Savanna
2274,High,Agricultural,Grassland
2275,High,Industrial,Savanna
2276,Low,Residential,Forest
2277,Low,Industrial,Shrubland
2278,Low,Residential,Grassland
2279,High,Mixed,Grassland
2280,Low,Agricultural,Shrubland
2281,Medium,Residential,Grassland
2282,Medium,Mixed,Savanna
2283,Medium,Mixed,Grassland
2284,Low,Mixed,Forest
2285,Low,Industrial,Shrubland
2286,High,Industrial,Forest
2287,High,Mixed,Shrubland
2288,Low,Agricultural,Savanna
2289,High,Mixed,Forest
2290,Medium,Mixed,Forest
2291,Medium,Agricultural,Shrubland
2292,High,Residential,Grassland
2293,High,Industrial,Savanna
2294,Medium,Industrial,Forest
2295,Low,Mixed,Shrubland
2296,Medium,Agricultural,Forest
2297,Medium,Industrial,Shrubland
2298,High,Residential,Shrubland
2299,High,Mixed,Shrubland
2300,High,Industrial,Forest
2301,Medium,Residential,Forest
2302,Medium,Residential,Forest
2303,Medium,Residential,Savanna
2304,High,Mixed,Savanna
2305,Low,Residential,Forest
2306,Low,Agricultural,Savanna
2307,Medium,Mixed,Shrubland
2308,High,Industrial,Forest
2309,High,Mixed,Grassland
2310,High,Industrial,Shrubland
2311,Low,Industrial,Forest
2312,Low,Agricultural,Shrubland
2313,Medium,Residential,Savanna
2314,High,Agricultural,Grassland
2315,Medium,Industrial,Forest
2316,Medium,Mixed,Forest
2317,Low,Industrial,Forest
2318,Low,Mixed,Forest
2319,High,Industrial,Forest
2320,High,Agricultural,Shrubland
2321,Medium,Agricultural,Shrubland
2322,Medium,Residential,Forest
2323,High,Agricultural,Grassland
2324,Medium,Agricultural,Forest
2325,Medium,Industrial,Forest
2326,High,Mixed,Shrubland
2327,High,Agricultural,Forest
2328,Low,Agricultural,Shrubland
2329,Medium,Residential,Forest
2330,High,Agricultural,Savanna
2331,Low,Residential,Grassland
2332,Medium,Industrial,Grassland
2333,Medium,Residential,Savanna
2334,Medium,Residential,Grassland
2335,Medium,Residential,Savanna
2336,Low,Mixed,Grassland
2337,Low,Mixed,Shrubland
2338,High,Mixed,Grassland
2339,Low,Residential,Savanna
2340,High,Industrial,Shrubland
2341,Low,Residential,Forest
2342,High,Mixed,Forest
2343,Low,Mixed,Forest
2344,Low,Agricultural,Forest
2345,High,Mixed,Shrubland
2346,Low,Industrial,Savanna
2347,Low,Mixed,Savanna
2348,Medium,Mixed,Shrubland
2349,Medium,Residential,Forest
2350,Low,Mixed,Shrubland
2351,Low,Mixed,Grassland
2352,Medium,Agricultural,Grassland
2353,High,Residential,Forest
2354,High,Industrial,Forest
2355,High,Residential,Savanna
2356,Medium,Residential,Forest
2357,High,Residential,Savanna
2358,High,Industrial,Forest
2359,Low,Agricultural,Savanna
2360,Medium,Residential,Forest
2361,Low,Agricultural,Savanna
2362,High,Industrial,Grassland
2363,High,Industrial,Shrubland
2364,Low,Mixed,Forest
2365,High,Mixed,Savanna
2366,High,Mixed,Grassland
2367,Medium,Mixed,Shrubland
2368,High,Agricultural,Savanna
2369,Low,Mixed,Savanna
2370,Medium,Industrial,Grassland
2371,High,Mixed,Savanna
2372,Medium,Residential,Shrubland
2373,High,Mixed,Shrubland
2374,Low,Residential,Grassland
2375,High,Residential,Shrubland
2376,Low,Agricultural,Grassland
2377,Low,Industrial,Forest
2378,High,Mixed,Shrubland
2379,Medium,Agricultural,Shrubland
2380,High,Industrial,Grassland
2381,Medium,Industrial,Grassland
2382,Low,Mixed,Shrubland
2383,Low,Residential,Shrubland
2384,Medium,Agricultural,Grassland
2385,High,Residential,Grassland
2386,High,Industrial,Savanna
2387,High,Mixed,Shrubland
2388,High,Mixed,Shrubland
2389,Medium,Residential,Forest
2390,Medium,Agricultural,Savanna
2391,High,Mixed,Forest
2392,High,Agricultural,Savanna
2393,High,Industrial,Shrubland
2394,Low,Industrial,Savanna
2395,Medium,Mixed,Forest
2396,Medium,Industrial,Shrubland
2397,Medium,Agricultural,Shrubland
2398,Low,Agricultural,Savanna
2399,Low,Residential,Savanna
2400,Low,Mixed,Forest
2401,High,Industrial,Shrubland
2402,Low,Agricultural,Grassland
2403,Low,Mixed,Shrubland
2404,Low,Residential,Savanna
2405,High,Industrial,Shrubland
2406,High,Agricultural,Shrubland
2407,Low,Agricultural,Shrubland
2408,Medium,Mixed,Grassland
2409,Low,Residential,Forest
2410,Low,Residential,Shrubland
2411,Low,Agricultural,Grassland
2412,High,Agricultural,Forest
2413,Medium,Industrial,Savanna
2414,Low,Mixed,Forest
2415,Low,Mixed,Shrubland
2416,Low,Residential,Grassland
2417,High,Agricultural,Shrubland
2418,High,Agricultural,Grassland
2419,Low,Mixed,Shrubland
2420,High,Mixed,Savanna
2421,Medium,Agricultural,Forest
2422,High,Residential,Savanna
2423,High,Residential,Savanna
2424,High,Residential,Forest
2425,High,Industrial,Grassland
2426,High,Industrial,Shrubland
2427,High,Mixed,Forest
2428,High,Industrial,Savanna
2429,Low,Mixed,Shrubland
2430,High,Residential,Grassland
2431,High,Industrial,Savanna
2432,Medium,Mixed,Forest
2433,Low,Agricultural,Forest
2434,Medium,Residential,Savanna
2435,Medium,Agricultural,Grassland
2436,Low,Residential,Forest
2437,High,Agricultural,Shrubland
2438,Medium,Residential,Savanna
2439,Medium,Industrial,Grassland
2440,Low,Agricultural,Savanna
2441,High,Agricultural,Forest
2442,High,Industrial,Grassland
2443,Medium,Residential,Grassland
2444,Medium,Residential,Savanna
2445,Low,Agricultural,Forest
2446,Low,Industrial,Savanna
2447,Low,Mixed,Savanna
2448,Low,Mixed,Forest
2449,Low,Mixed,Grassland
2450,High,Industrial,Grassland
2451,Medium,Agricultural,Shrubland
2452,High,Residential,Shrubland
2453,High,Residential,Shrubland
2454,Low,Mixed,Forest
2455,High,Residential,Savanna
2456,Low,Residential,Shrubland
2457,High,Residential,Grassland
2458,High,Industrial,Forest
2459,Medium,Industrial,Forest
2460,Low,Mixed,Shrubland
2461,Medium,Mixed,Savanna
2462,Low,Industrial,Shrubland
2463,High,Residential,Grassland
2464,High,Agricultural,Grassland
2465,High,Residential,Forest
2466,High,Residential,Shrubland
2467,Medium,Industrial,Shrubland
2468,Low,Mixed,Savanna
2469,Low,Residential,Savanna
2470,High,Residential,Grassland
2471,Medium,Industrial,Shrubland
2472,Medium,Agricultural,Shrubland
2473,Medium,Industrial,Forest
2474,High,Mixed,Grassland
2475,Low,Mixed,Forest
2476,Low,Agricultural,Shrubland
2477,Medium,Industrial,Savanna
2478,Medium,Mixed,Grassland
2479,Low,Mixed,Savanna
2480,Low,Mixed,Grassland
2481,High,Mixed,Savanna
2482,Medium,Residential,Grassland
2483,Medium,Industrial,Grassland
2484,High,Mixed,Shrubland
2485,Low,Industrial,Forest
2486,High,Residential,Forest
2487,Low,Agricultural,Savanna
2488,Medium,Mixed,Grassland
2489,High,Industrial,Forest
2490,Medium,Industrial,Grassland
2491,High,Residential,Forest
2492,Medium,Mixed,Grassland
2493,Low,Residential,Forest
2494,Medium,Industrial,Forest
2495,Medium,Agricultural,Grassland
2496,High,Industrial,Forest
2497,Medium,Industrial,Shrubland
2498,Low,Mixed,Forest
2499,Low,Agricultural,Forest
2500,High,Agricultural,Savanna
2501,Low,Mixed,Forest
2502,High,Agricultural,Forest
2503,High,Agricultural,Forest
2504,High,Agricultural,Forest
2505,Low,Agricultural,Savanna
2506,High,Mixed,Grassland
2507,High,Agricultural,Shrubland
2508,Low,Industrial,Grassland
2509,Low,Mixed,Grassland
2510,High,Mixed,Grassland
2511,Low,Mixed,Savanna
2512,Low,Agricultural,Shrubland
2513,Medium,Agricultural,Savanna
2514,High,Residential,Grassland
2515,Low,Residential,Savanna
2516,Low,Residential,Savanna
2517,Medium,Agricultural,Forest
2518,High,Agricultural,Savanna
2519,High,Residential,Savanna
2520,Low,Industrial,Savanna
2521,High,Residential,Forest
2522,Medium,Mixed,Shrubland
2523,Medium,Residential,Grassland
2524,Medium,Agricultural,Grassland
2525,High,Agricultural,Shrubland
2526,Medium,Mixed,Savanna
2527,Low,Mixed,Grassland
2528,Medium,Agricultural,Grassland
2529,High,Mixed,Forest
2530,Medium,Residential,Grassland
2531,High,Agricultural,Grassland
2532,Medium,Mixed,Forest
2533,Low,Residential,Shrubland
2534,Medium,Agricultural,Grassland
2535,High,Agricultural,Shrubland
2536,High,Residential,Grassland
2537,Medium,Mixed,Grassland
2538,Medium,Mixed,Grassland
2539,Medium,Mixed,Shrubland
2540,Low,Residential,Forest
2541,Medium,Residential,Grassland
2542,Medium,Industrial,Grassland
2543,Medium,Residential,Shrubland
2544,High,Agricultural,Forest
2545,High,Industrial,Forest
2546,Medium,Mixed,Grassland
2547,High,Mixed,Forest
2548,High,Mixed,Shrubland
2549,High,Residential,Forest
2550,Medium,Industrial,Forest
2551,High,Industrial,Shrubland
2552,Medium,Agricultural,Savanna
2553,Medium,Industrial,Forest
2554,Low,Industrial,Shrubland
2555,Medium,Residential,Shrubland
2556,Low,Industrial,Grassland
2557,Low,Agricultural,Savanna
2558,High,Residential,Forest
2559,High,Industrial,Savanna
2560,Low,Mixed,Grassland
2561,High,Mixed,Savanna
2562,Low,Agricultural,Shrubland
2563,Medium,Industrial,Savanna
2564,Low,Agricultural,Shrubland
2565,Low,Industrial,Savanna
2566,High,Agricultural,Grassland
2567,Low,Residential,Savanna
2568,High,Mixed,Forest
2569,Medium,Agricultural,Forest
2570,Low,Residential,Grassland
2571,Medium,Agricultural,Savanna
2572,High,Mixed,Grassland
2573,Medium,Industrial,Grassland
2574,Low,Mixed,Grassland
2575,High,Industrial,Shrubland
2576,Medium,Agricultural,Savanna
2577,Low,Residential,Shrubland
2578,Medium,Residential,Savanna
2579,High,Agricultural,Forest
2580,Low,Mixed,Forest
2581,Medium,Residential,Shrubland
2582,Low,Industrial,Savanna
2583,Low,Residential,Grassland
2584,Medium,Mixed,Savanna
2585,High,Agricultural,Savanna
2586,Medium,Mixed,Forest
2587,Medium,Mixed,Grassland
2588,Low,Industrial,Shrubland
2589,Medium,Mixed,Savanna
2590,Low,Residential,Savanna
2591,Medium,Mixed,Grassland
2592,Medium,Residential,Shrubland
2593,Low,Industrial,Savanna
2594,Low,Agricultural,Forest
2595,Medium,Industrial,Savanna
2596,Medium,Residential,Forest
2597,Medium,Residential,Forest
2598,Medium,Residential,Grassland
2599,Medium,Residential,Forest
2600,Low,Mixed,Savanna
2601,Low,Industrial,Grassland
2602,Medium,Residential,Shrubland
2603,High,Agricultural,Shrubland
2604,High,Mixed,Grassland
2605,Low,Mixed,Shrubland
2606,Low,Residential,Grassland
2607,High,Mixed,Forest
2608,Low,Agricultural,Shrubland
2609,Medium,Industrial,Shrubland
2610,Low,Residential,Savanna
2611,Medium,Residential,Grassland
2612,Low,Mixed,Savanna
2613,High,Residential,Grassland
2614,Medium,Agricultural,Savanna
2615,Medium,Industrial,Shrubland
2616,Low,Industrial,Savanna
2617,Low,Industrial,Shrubland
2618,Low,Industrial,Grassland
2619,Medium,Residential,Savanna
2620,Medium,Mixed,Grassland
2621,High,Mixed,Grassland
2622,Medium,Agricultural,Grassland
2623,Medium,Mixed,Savanna
2624,High,Residential,Shrubland
2625,Medium,Residential,Forest
2626,Low,Mixed,Savanna
2627,High,Industrial,Forest
2628,Low,Agricultural,Grassland
2629,High,Residential,Savanna
2630,Low,Residential,Grassland
2631,High,Mixed,Shrubland
2632,Low,Residential,Savanna
2633,High,Mixed,Grassland
2634,Low,Agricultural,Grassland
2635,Medium,Industrial,Grassland
2636,High,Mixed,Forest
2637,Low,Mixed,Savanna
2638,Low,Mixed,Shrubland
2639,Medium,Industrial,Grassland
2640,Medium,Residential,Savanna
2641,High,Mixed,Grassland
2642,Low,Industrial,Grassland
2643,Low,Industrial,Forest
2644,Medium,Mixed,Grassland
2645,Medium,Mixed,Savanna
2646,High,Agricultural,Grassland
2647,Low,Mixed,Shrubland
2648,High,Residential,Savanna
2649,High,Mixed,Shrubland
2650,High,Residential,Savanna
2651,High,Industrial,Grassland
2652,Medium,Residential,Savanna
2653,High,Residential,Grassland
2654,High,Agricultural,Forest
2655,Medium,Industrial,Shrubland
2656,Medium,Industrial,Savanna
2657,High,Agricultural,Forest
2658,Medium,Mixed,Forest
2659,Low,Agricultural,Savanna
2660,Medium,Mixed,Grassland
2661,Low,Residential,Shrubland
2662,Medium,Mixed,Shrubland
2663,Low,Mixed,Grassland
2664,High,Residential,Grassland
2665,High,Residential,Shrubland
2666,Low,Mixed,Forest
2667,Medium,Agricultural,Savanna
2668,Medium,Industrial,Shrubland
2669,Medium,Industrial,Forest
2670,High,Agricultural,Grassland
2671,High,Agricultural,Forest
2672,Medium,Mixed,Forest
2673,High,Mixed,Shrubland
2674,Medium,Industrial,Savanna
2675,High,Agricultural,Grassland
2676,Low,Industrial,Savanna
2677,High,Industrial,Forest
2678,High,Industrial,Savanna
2679,Medium,Residential,Forest
2680,Medium,Mixed,Forest
2681,Medium,Industrial,Forest
2682,High,Residential,Forest
2683,Low,Residential,Grassland
2684,Medium,Industrial,Forest
2685,Medium,Mixed,Shrubland
2686,High,Mixed,Grassland
2687,Medium,Agricultural,Grassland
2688,High,Industrial,Grassland
2689,High,Industrial,Grassland
2690,High,Agricultural,Savanna
2691,Low,Residential,Shrubland
2692,High,Industrial,Forest
2693,Low,Agricultural,Savanna
2694,High,Industrial,Shrubland
2695,Low,Agricultural,Forest
2696,High,Residential,Savanna
2697,Low,Residential,Grassland
2698,Low,Mixed,Shrubland
2699,Medium,Residential,Shrubland
2700,High,Mixed,Grassland
2701,Low,Mixed,Shrubland
2702,Low,Residential,Forest
2703,Low,Mixed,Forest
2704,Medium,Residential,Shrubland
2705,High,Industrial,Shrubland
2706,High,Mixed,Grassland
2707,Medium,Industrial,Shrubland
2708,Low,Mixed,Forest
2709,High,Industrial,Shrubland
2710,High,Residential,Shrubland
2711,High,Industrial,Savanna
2712,Medium,Industrial,Grassland
2713,Medium,Mixed,Forest
2714,Medium,Industrial,Savanna
2715,High,Mixed,Grassland
2716,High,Mixed,Forest
2717,High,Industrial,Forest
2718,Medium,Mixed,Forest
2719,Low,Industrial,Savanna
2720,High,Agricultural,Grassland
2721,Low,Agricultural,Savanna
2722,Medium,Mixed,Savanna
2723,Medium,Agricultural,Savanna
2724,Low,Agricultural,Forest
2725,Medium,Agricultural,Grassland
2726,Low,Agricultural,Shrubland
2727,Medium,Mixed,Savanna
2728,Low,Industrial,Grassland
2729,Low,Mixed,Shrubland
2730,Medium,Industrial,Forest
2731,High,Agricultural,Shrubland
2732,Medium,Agricultural,Savanna
2733,High,Residential,Shrubland
2734,Low,Mixed,Shrubland
2735,Low,Mixed,Forest
2736,High,Residential,Shrubland
2737,Low,Residential,Savanna
2738,High,Residential,Forest
2739,Medium,Agricultural,Shrubland
2740,Medium,Industrial,Grassland
2741,High,Residential,Savanna
2742,Medium,Mixed,Grassland
2743,High,Residential,Forest
2744,High,Industrial,Grassland
2745,Medium,Industrial,Grassland
2746,Low,Industrial,Forest
2747,Low,Residential,Grassland
2748,Low,Agricultural,Grassland
2749,High,Mixed,Forest
2750,Low,Mixed,Savanna
2751,Low,Residential,Savanna
2752,High,Mixed,Forest
2753,High,Agricultural,Savanna
2754,Medium,Industrial,Forest
2755,High,Residential,Savanna
2756,High,Mixed,Forest
2757,High,Agricultural,Grassland
2758,High,Industrial,Forest
2759,Low,Industrial,Grassland
2760,Low,Industrial,Grassland
2761,High,Industrial,Savanna
2762,Low,Industrial,Shrubland
2763,Medium,Residential,Forest
2764,Medium,Residential,Savanna
2765,Medium,Agricultural,Savanna
2766,High,Industrial,Grassland
2767,High,Agricultural,Grassland
2768,High,Mixed,Savanna
2769,High,Industrial,Shrubland
2770,High,Industrial,Grassland
2771,High,Agricultural,Shrubland
2772,Low,Industrial,Grassland
2773,Medium,Residential,Savanna
2774,Low,Mixed,Shrubland
2775,High,Agricultural,Grassland
2776,High,Industrial,Grassland
2777,High,Industrial,Forest
2778,Low,Industrial,Shrubland
2779,Low,Mixed,Grassland
2780,Low,Industrial,Grassland
2781,High,Mixed,Grassland
2782,Medium,Mixed,Savanna
2783,High,Residential,Grassland
2784,Medium,Industrial,Grassland
2785,High,Mixed,Savanna
2786,Medium,Agricultural,Grassland
2787,Medium,Industrial,Forest
2788,Medium,Residential,Forest
2789,Low,Agricultural,Grassland
2790,Low,Agricultural,Savanna
2791,Medium,Agricultural,Grassland
2792,Medium,Mixed,Savanna
2793,High,Residential,Savanna
2794,Low,Industrial,Grassland
2795,High,Industrial,Shrubland
2796,Medium,Industrial,Shrubland
2797,High,Mixed,Grassland
2798,Medium,Residential,Forest
2799,High,Industrial,Grassland
2800,High,Agricultural,Shrubland
2801,Medium,Mixed,Shrubland
2802,Medium,Industrial,Grassland
2803,Low,Industrial,Forest
2804,Medium,Mixed,Savanna
2805,Medium,Agricultural,Grassland
2806,Medium,Mixed,Savanna
2807,High,Agricultural,Grassland
2808,Low,Agricultural,Shrubland
2809,High,Residential,Forest
2810,High,Residential,Grassland
2811,High,Industrial,Shrubland
2812,Medium,Agricultural,Forest
2813,High,Agricultural,Grassland
2814,Medium,Industrial,Forest
2815,High,Agricultural,Grassland
2816,Low,Agricultural,Grassland
2817,Low,Agricultural,Shrubland
2818,Low,Agricultural,Shrubland
2819,Low,Mixed,Forest
2820,Low,Agricultural,Forest
2821,Medium,Agricultural,Savanna
2822,High,Residential,Grassland
2823,High,Agricultural,Shrubland
2824,High,Mixed,Grassland
2825,Medium,Industrial,Grassland
2826,High,Residential,Shrubland
2827,Low,Mixed,Grassland
2828,Low,Industrial,Savanna
2829,Low,Residential,Forest
2830,Medium,Mixed,Savanna
2831,High,Mixed,Grassland
2832,High,Agricultural,Savanna
2833,Low,Mixed,Shrubland
2834,Medium,Mixed,Grassland
2835,Medium,Residential,Grassland
2836,High,Agricultural,Forest
2837,Low,Industrial,Shrubland
2838,Low,Residential,Forest
2839,High,Residential,Grassland
2840,High,Industrial,Forest
2841,High,Residential,Forest
2842,Low,Industrial,Shrubland
2843,Low,Residential,Shrubland
2844,Medium,Industrial,Shrubland
2845,Low,Mixed,Grassland
2846,Medium,Mixed,Forest
2847,High,Agricultural,Savanna
2848,Medium,Mixed,Grassland
2849,High,Agricultural,Savanna
2850,High,Industrial,Shrubland
2851,Medium,Residential,Grassland
2852,Medium,Industrial,Grassland
2853,High,Mixed,Grassland
2854,Low,Industrial,Forest
2855,Medium,Agricultural,Grassland
2856,Medium,Agricultural,Grassland
2857,High,Mixed,Forest
2858,Medium,Residential,Shrubland
2859,High,Industrial,Forest
2860,Medium,Residential,Forest
2861,Medium,Mixed,Savanna
2862,High,Mixed,Shrubland
2863,Medium,Industrial,Shrubland
2864,High,Residential,Forest
2865,Low,Agricultural,Shrubland
2866,Low,Industrial,Forest
2867,Low,Industrial,Forest
2868,Low,Agricultural,Grassland
2869,Medium,Industrial,Shrubland
2870,Medium,Industrial,Savanna
2871,Medium,Agricultural,Savanna
2872,High,Industrial,Forest
2873,High,Agricultural,Shrubland
2874,High,Industrial,Savanna
2875,High,Mixed,Grassland
2876,Low,Agricultural,Forest
2877,Medium,Residential,Savanna
2878,Medium,Residential,Forest
2879,Medium,Industrial,Shrubland
2880,Medium,Industrial,Forest
2881,High,Residential,Shrubland
2882,Medium,Mixed,Forest
2883,Low,Industrial,Shrubland
2884,Low,Mixed,Forest
2885,High,Agricultural,Savanna
2886,Low,Residential,Forest
2887,Low,Residential,Shrubland
2888,High,Industrial,Shrubland
2889,Low,Residential,Grassland
2890,Medium,Residential,Grassland
2891,High,Agricultural,Savanna
2892,Low,Agricultural,Shrubland
2893,Low,Industrial,Forest
2894,High,Industrial,Forest
2895,High,Agricultural,Forest
2896,Low,Residential,Forest
2897,High,Residential,Forest
2898,Low,Residential,Grassland
2899,Medium,Mixed,Shrubland
2900,Medium,Industrial,Grassland
2901,High,Mixed,Shrubland
2902,Low,Mixed,Savanna
2903,High,Industrial,Grassland
2904,Low,Residential,Grassland
2905,Medium,Industrial,Forest
2906,Low,Residential,Shrubland
2907,Medium,Agricultural,Forest
2908,Low,Industrial,Savanna
2909,Medium,Mixed,Grassland
2910,High,Industrial,Grassland
2911,Medium,Residential,Grassland
2912,Low,Industrial,Savanna
2913,Medium,Mixed,Forest
2914,Low,Residential,Savanna
2915,High,Residential,Forest
2916,Medium,Agricultural,Savanna
2917,Low,Mixed,Shrubland
2918,High,Agricultural,Forest
2919,High,Industrial,Shrubland
2920,High,Mixed,Shrubland
2921,Medium,Industrial,Savanna
2922,Medium,Mixed,Shrubland
2923,High,Agricultural,Grassland
2924,Low,Mixed,Grassland
2925,High,Industrial,Forest
2926,Low,Agricultural,Forest
2927,Low,Mixed,Grassland
2928,High,Agricultural,Savanna
2929,High,Residential,Grassland
2930,High,Residential,Forest
2931,High,Mixed,Grassland
2932,Low,Mixed,Forest
2933,High,Mixed,Grassland
2934,High,Agricultural,Forest
2935,High,Mixed,Forest
2936,Low,Industrial,Forest
2937,High,Residential,Grassland
2938,Low,Mixed,Shrubland
2939,Medium,Mixed,Grassland
2940,High,Agricultural,Savanna
2941,Medium,Agricultural,Savanna
2942,High,Agricultural,Savanna
2943,Medium,Mixed,Savanna
2944,Low,Industrial,Shrubland
2945,Medium,Residential,Grassland
2946,Low,Industrial,Forest
2947,Low,Mixed,Grassland
2948,Medium,Agricultural,Grassland
2949,Low,Industrial,Grassland
2950,High,Residential,Shrubland
2951,High,Mixed,Savanna
2952,Medium,Agricultural,Forest
2953,High,Industrial,Savanna
2954,Medium,Mixed,Forest
2955,Low,Agricultural,Savanna
2956,Low,Residential,Savanna
2957,Low,Mixed,Shrubland
2958,Low,Residential,Forest
2959,Low,Agricultural,Shrubland
2960,High,Residential,Shrubland
2961,Medium,Industrial,Grassland
2962,Low,Agricultural,Grassland
2963,High,Mixed,Forest
2964,High,Mixed,Savanna
2965,Low,Mixed,Savanna
2966,High,Agricultural,Shrubland
2967,High,Industrial,Forest
2968,Medium,Mixed,Savanna
2969,Low,Mixed,Forest
2970,Low,Residential,Forest
2971,High,Agricultural,Shrubland
2972,High,Residential,Savanna
2973,Low,Agricultural,Forest
2974,Medium,Industrial,Shrubland
2975,Medium,Residential,Shrubland
2976,High,Industrial,Savanna
2977,Low,Residential,Forest
2978,Low,Agricultural,Shrubland
2979,High,Industrial,Shrubland
2980,Low,Agricultural,Forest
2981,Medium,Mixed,Grassland
2982,High,Agricultural,Shrubland
2983,Low,Mixed,Shrubland
2984,High,Mixed,Shrubland
2985,Low,Residential,Savanna
2986,Low,Residential,Shrubland
2987,Medium,Industrial,Savanna
2988,Medium,Residential,Shrubland
2989,Medium,Industrial,Shrubland
2990,Low,Agricultural,Forest
2991,Medium,Mixed,Grassland
2992,High,Residential,Forest
2993,Medium,Residential,Shrubland
2994,High,Mixed,Grassland
2995,Low,Industrial,Grassland
2996,High,Residential,Forest
2997,Low,Mixed,Forest
2998,Medium,Agricultural,Forest
2999,High,Mixed,Forest
